product_id,product_name,category,price,discount_percent,rating,reviews_count,orders_count,seller_rating,stock_quantity,date_added,final_price,discount_amount,estimated_revenue,review_per_order_ratio,popularity_segment
WB-100001,Yuz kremi Namlantiruvchi,Go'zallik va parvarish,340000,35,4.7,12,714,4.5,0,2025-09-06,221000,119000,157794000,0.0168,Kam sotilgan
WB-100002,Quyoshdan himoya kremi SPF50,Go'zallik va parvarish,110000,23,4.1,29,669,4.6,500,2025-11-11,84700,25300,56664300,0.0433,Kam sotilgan
WB-100003,Klassik kostyum-shim,Kiyim va poyabzal,151000,24,4.7,50,781,4.7,0,2026-03-03,114800,36200,89658800,0.064,Kam sotilgan
WB-100004,Tana skrabı Kofe,Go'zallik va parvarish,270000,33,4.4,31,783,4.7,0,2026-03-04,180900,89100,141644700,0.0396,Kam sotilgan
WB-100005,Bluetooth karnay Mini,Elektronika,691000,23,4.0,138,996,4.4,10,2025-11-13,532100,158900,529971600,0.1386,O'rtacha sotilgan
WB-100006,Shaker Protein,Sport va dam olish,174000,23,5.0,6,576,4.4,0,2025-12-08,134000,40000,77184000,0.0104,Kam sotilgan
WB-100007,Termos 1L zanglamas,Uy-ro'zg'or buyumlari,502000,8,5.0,73,689,4.9,25,2026-06-17,461800,40200,318180200,0.106,Kam sotilgan
WB-100008,Powerbank 20000mAh,Elektronika,956000,38,4.6,13,777,4.3,0,2026-03-07,592700,363300,460527900,0.0167,Kam sotilgan
WB-100009,Quyoshdan himoya kremi SPF50,Go'zallik va parvarish,391000,58,4.5,137,1733,5.0,0,2026-01-19,164200,226800,284558600,0.0791,Top sotilgan (Bestseller)
WB-100010,Velosiped chirog'i LED,Sport va dam olish,633000,36,4.1,13,741,4.4,10,2025-11-08,405100,227900,300179100,0.0175,Kam sotilgan
WB-100011,Shaker Protein,Sport va dam olish,600000,20,4.3,14,569,4.6,10,2025-09-20,480000,120000,273120000,0.0246,Kam sotilgan
WB-100012,Charm kamar,Kiyim va poyabzal,786000,53,4.4,16,976,4.6,100,2026-06-28,369400,416600,360534400,0.0164,O'rtacha sotilgan
WB-100013,Yuz zardobi Hyaluron,Go'zallik va parvarish,328000,16,4.8,56,842,4.7,0,2026-02-11,275500,52500,231971000,0.0665,Kam sotilgan
WB-100014,Yuz kremi Namlantiruvchi,Go'zallik va parvarish,55000,27,4.3,282,2637,4.7,250,2026-04-27,40200,14800,106007400,0.1069,Top sotilgan (Bestseller)
WB-100015,Taktik ryukzak 40L,Sport va dam olish,391000,35,4.9,62,899,4.4,50,2026-04-18,254200,136800,228525800,0.069,Kam sotilgan
WB-100016,Oshxona pichoqlar to'plami,Uy-ro'zg'or buyumlari,74000,31,3.9,13,624,4.6,10,2026-01-11,51100,22900,31886400,0.0208,Kam sotilgan
WB-100017,Sviter Casual,Kiyim va poyabzal,147000,24,4.1,1,506,4.4,50,2026-04-27,111700,35300,56520200,0.002,Kam sotilgan
WB-100018,Gantellar to'plami 2x5kg,Sport va dam olish,271000,46,4.5,183,1752,4.9,500,2026-06-02,146300,124700,256317600,0.1045,Top sotilgan (Bestseller)
WB-100019,Jinsi shim Slim Fit,Kiyim va poyabzal,922000,18,4.3,165,1037,4.5,500,2026-05-20,756000,166000,783972000,0.1591,O'rtacha sotilgan
WB-100020,Krossovka Sport Run,Kiyim va poyabzal,121000,62,4.8,62,1441,4.5,0,2026-07-05,46000,75000,66286000,0.043,Top sotilgan (Bestseller)
WB-100021,Tana skrabı Kofe,Go'zallik va parvarish,217000,41,5.0,32,903,4.4,25,2025-09-28,128000,89000,115584000,0.0354,Kam sotilgan
WB-100022,Shampun Sulfatsiz,Go'zallik va parvarish,56000,37,4.8,324,3118,4.4,10,2026-04-03,35300,20700,110065400,0.1039,Top sotilgan (Bestseller)
WB-100023,Quyoshdan himoya kremi SPF50,Go'zallik va parvarish,28000,40,4.2,130,1708,4.7,0,2026-06-01,16800,11200,28694400,0.0761,Top sotilgan (Bestseller)
WB-100024,Klassik kostyum-shim,Kiyim va poyabzal,241000,27,4.3,80,1156,4.5,50,2026-01-10,175900,65100,203340400,0.0692,O'rtacha sotilgan
WB-100025,Qishki kurtka Oversize,Kiyim va poyabzal,204000,13,4.7,98,815,4.5,10,2026-05-28,177500,26500,144662500,0.1202,Kam sotilgan
WB-100026,Qo'l kremi Mini,Go'zallik va parvarish,79000,23,5.0,190,1937,4.5,10,2026-07-29,60800,18200,117769600,0.0981,Top sotilgan (Bestseller)
WB-100027,Plastilin to'plami,Bolalar tovarlari,585000,34,3.7,32,745,4.5,50,2025-09-03,386100,198900,287644500,0.043,Kam sotilgan
WB-100028,Bokal to'plami (6 dona),Uy-ro'zg'or buyumlari,608000,52,4.0,37,1126,4.9,500,2026-04-19,291800,316200,328566800,0.0329,O'rtacha sotilgan
WB-100029,Parfyum Elixir 50ml,Go'zallik va parvarish,374000,42,4.3,129,1407,4.7,500,2026-01-11,216900,157100,305178300,0.0917,O'rtacha sotilgan
WB-100030,Choyshablar to'plami Satina,Uy-ro'zg'or buyumlari,268000,65,4.6,36,1239,4.6,100,2026-04-01,93800,174200,116218200,0.0291,O'rtacha sotilgan
WB-100031,Avtomobil ushlagichi,Elektronika,279000,42,4.4,5,721,4.5,250,2026-07-31,161800,117200,116657800,0.0069,Kam sotilgan
WB-100032,Sakrash arqoni Metall simli,Sport va dam olish,420000,30,4.3,276,2168,4.4,250,2026-01-20,294000,126000,637392000,0.1273,Top sotilgan (Bestseller)
WB-100033,Bokal to'plami (6 dona),Uy-ro'zg'or buyumlari,518000,51,4.2,42,1097,4.6,50,2026-06-14,253800,264200,278418600,0.0383,O'rtacha sotilgan
WB-100034,Telefon g'ilofi Silikon,Elektronika,959000,45,3.6,159,1755,5.0,100,2026-02-09,527400,431600,925587000,0.0906,Top sotilgan (Bestseller)
WB-100035,Qishki kurtka Oversize,Kiyim va poyabzal,260000,36,4.6,33,856,4.5,50,2026-07-10,166400,93600,142438400,0.0386,Kam sotilgan
WB-100036,Mexanik klaviatura RGB,Elektronika,500000,34,4.5,166,1810,4.8,10,2026-08-13,330000,170000,597300000,0.0917,Top sotilgan (Bestseller)
WB-100037,Ayollar ko'ylagi Vintage,Kiyim va poyabzal,466000,42,4.0,529,4023,4.4,100,2026-05-07,270300,195700,1087416900,0.1315,Top sotilgan (Bestseller)
WB-100038,Powerbank 20000mAh,Elektronika,1359000,23,4.5,34,724,4.3,250,2025-12-22,1046400,312600,757593600,0.047,Kam sotilgan
WB-100039,USB Type-C kabel Tezkor,Elektronika,658000,39,4.4,19,801,4.7,50,2026-03-18,401400,256600,321521400,0.0237,Kam sotilgan
WB-100040,Uy shippagi Soft,Kiyim va poyabzal,407000,39,3.7,2,660,4.5,25,2026-01-21,248300,158700,163878000,0.003,Kam sotilgan
WB-100041,Termo ichki kiyim,Sport va dam olish,368000,32,3.9,273,2141,4.9,50,2026-02-10,250200,117800,535678200,0.1275,Top sotilgan (Bestseller)
WB-100042,Oshxona tarozisi Elektron,Uy-ro'zg'or buyumlari,692000,53,4.4,284,2608,4.5,50,2025-10-30,325200,366800,848121600,0.1089,Top sotilgan (Bestseller)
WB-100043,Bluetooth karnay Mini,Elektronika,1011000,23,5.0,57,925,4.4,0,2026-04-19,778500,232500,720112500,0.0616,Kam sotilgan
WB-100044,Sakrash arqoni Metall simli,Sport va dam olish,177000,69,4.9,4,1089,5.0,100,2025-11-08,54900,122100,59786100,0.0037,O'rtacha sotilgan
WB-100045,Jinsi shim Slim Fit,Kiyim va poyabzal,474000,34,4.8,111,1513,4.2,10,2026-01-28,312800,161200,473266400,0.0734,Top sotilgan (Bestseller)
WB-100046,Mexanik klaviatura RGB,Elektronika,762000,33,4.4,140,1534,4.9,500,2026-08-07,510500,251500,783107000,0.0913,Top sotilgan (Bestseller)
WB-100047,Fitnes rezinkalar to'plami,Sport va dam olish,252000,22,4.6,84,942,4.2,0,2026-03-31,196600,55400,185197200,0.0892,O'rtacha sotilgan
WB-100048,Chizmachilik to'plami 100+ dona,Bolalar tovarlari,287000,31,3.6,37,807,4.5,50,2026-06-21,198000,89000,159786000,0.0458,Kam sotilgan
WB-100049,Yumshoq ayiqcha Plush,Bolalar tovarlari,200000,11,4.7,101,1015,4.8,25,2025-11-23,178000,22000,180670000,0.0995,O'rtacha sotilgan
WB-100050,USB Type-C kabel Tezkor,Elektronika,1594000,31,4.2,1,625,4.8,50,2026-06-02,1099900,494100,687437500,0.0016,Kam sotilgan
WB-100051,Soch maskasi Keratin,Go'zallik va parvarish,215000,47,4.5,62,1069,4.4,100,2026-05-20,114000,101000,121866000,0.058,O'rtacha sotilgan
WB-100052,Tana skrabı Kofe,Go'zallik va parvarish,324000,33,4.8,15,721,4.8,500,2026-08-10,217100,106900,156529100,0.0208,Kam sotilgan
WB-100053,Tish tozalovchi kukun,Go'zallik va parvarish,440000,22,4.5,12,548,4.8,0,2026-08-19,343200,96800,188073600,0.0219,Kam sotilgan
WB-100054,Shaker Protein,Sport va dam olish,218000,55,4.3,167,1559,4.6,50,2026-04-04,98100,119900,152937900,0.1071,Top sotilgan (Bestseller)
WB-100055,Simsiz sichqoncha,Elektronika,276000,51,4.7,103,1549,5.0,25,2025-10-04,135200,140800,209424800,0.0665,Top sotilgan (Bestseller)
WB-100056,Idish yuvish geli 1L,Uy-ro'zg'or buyumlari,459000,15,4.1,57,818,4.9,50,2026-01-25,390200,68800,319183600,0.0697,Kam sotilgan
WB-100057,Yoga mat 6mm,Sport va dam olish,618000,37,4.7,129,1228,4.7,0,2026-03-19,389300,228700,478060400,0.105,O'rtacha sotilgan
WB-100058,Telefon g'ilofi Silikon,Elektronika,576000,28,5.0,8,619,5.0,100,2026-07-26,414700,161300,256699300,0.0129,Kam sotilgan
WB-100059,Jinsi shim Slim Fit,Kiyim va poyabzal,636000,58,4.1,8,932,5.0,100,2026-01-16,267100,368900,248937200,0.0086,O'rtacha sotilgan
WB-100060,Mexanik klaviatura RGB,Elektronika,1701000,17,4.5,10,454,4.7,25,2025-09-04,1411800,289200,640957200,0.022,Kam sotilgan
WB-100061,Masofadan boshqariladigan mashina,Bolalar tovarlari,371000,60,4.6,206,2210,4.4,100,2026-07-21,148400,222600,327964000,0.0932,Top sotilgan (Bestseller)
WB-100062,Termo ichki kiyim,Sport va dam olish,427000,28,4.5,51,801,4.2,25,2026-03-20,307400,119600,246227400,0.0637,Kam sotilgan
WB-100063,Shaker Protein,Sport va dam olish,62000,44,4.6,14,884,4.2,0,2026-07-24,34700,27300,30674800,0.0158,Kam sotilgan
WB-100064,Sviter Casual,Kiyim va poyabzal,382000,35,4.0,171,1341,4.4,50,2026-08-14,248300,133700,332970300,0.1275,O'rtacha sotilgan
WB-100065,Yuz zardobi Hyaluron,Go'zallik va parvarish,327000,34,4.6,62,927,4.5,0,2026-07-19,215800,111200,200046600,0.0669,O'rtacha sotilgan
WB-100066,Choyshablar to'plami Satina,Uy-ro'zg'or buyumlari,538000,20,4.7,76,908,4.7,100,2026-05-09,430400,107600,390803200,0.0837,Kam sotilgan
WB-100067,Uy shippagi Soft,Kiyim va poyabzal,362000,37,4.2,0,675,4.3,250,2026-04-29,228100,133900,153967500,0.0,Kam sotilgan
WB-100068,Tana skrabı Kofe,Go'zallik va parvarish,260000,19,4.4,46,645,4.3,10,2026-03-20,210600,49400,135837000,0.0713,Kam sotilgan
WB-100069,Bokal to'plami (6 dona),Uy-ro'zg'or buyumlari,308000,20,3.9,474,3184,4.7,100,2026-02-07,246400,61600,784537600,0.1489,Top sotilgan (Bestseller)
WB-100070,Avtomobil ushlagichi,Elektronika,1646000,43,4.5,245,2703,4.8,25,2026-02-11,938200,707800,2535954600,0.0906,Top sotilgan (Bestseller)
WB-100071,Klassik kostyum-shim,Kiyim va poyabzal,819000,44,4.2,45,1051,4.1,0,2026-07-04,458600,360400,481988600,0.0428,O'rtacha sotilgan
WB-100072,Sport sumkasi Suv o'tkazmaydigan,Sport va dam olish,496000,28,4.6,120,1432,4.7,0,2025-09-14,357100,138900,511367200,0.0838,Top sotilgan (Bestseller)
WB-100073,Mexanik klaviatura RGB,Elektronika,330000,15,4.4,188,1243,4.8,100,2026-08-06,280500,49500,348661500,0.1512,O'rtacha sotilgan
WB-100074,Charm kamar,Kiyim va poyabzal,628000,13,4.6,275,1922,4.9,0,2026-04-05,546400,81600,1050180800,0.1431,Top sotilgan (Bestseller)
WB-100075,Mexanik klaviatura RGB,Elektronika,1267000,22,4.6,885,7009,4.8,25,2026-06-12,988300,278700,6926994700,0.1263,Top sotilgan (Bestseller)
WB-100076,Uy shippagi Soft,Kiyim va poyabzal,304000,14,4.3,163,978,4.4,25,2025-12-17,261400,42600,255649200,0.1667,O'rtacha sotilgan
WB-100077,Tish tozalovchi kukun,Go'zallik va parvarish,132000,35,3.9,137,1212,4.8,0,2026-01-27,85800,46200,103989600,0.113,O'rtacha sotilgan
WB-100078,Powerbank 20000mAh,Elektronika,235000,28,5.0,23,628,4.4,100,2026-05-05,169200,65800,106257600,0.0366,Kam sotilgan
WB-100079,Simsiz sichqoncha,Elektronika,1744000,26,5.0,195,1685,4.8,10,2026-08-03,1290600,453400,2174661000,0.1157,Top sotilgan (Bestseller)
WB-100080,Shaker Protein,Sport va dam olish,263000,35,4.4,92,1142,4.3,100,2026-03-05,171000,92000,195282000,0.0806,O'rtacha sotilgan
WB-100081,Jinsi shim Slim Fit,Kiyim va poyabzal,480000,8,3.9,47,578,4.3,50,2026-08-15,441600,38400,255244800,0.0813,Kam sotilgan
WB-100082,Erkaklar futbolkasi Basic,Kiyim va poyabzal,331000,28,4.5,261,1610,4.7,250,2026-08-13,238300,92700,383663000,0.1621,Top sotilgan (Bestseller)
WB-100083,Yostiq Ortopedik,Uy-ro'zg'or buyumlari,667000,19,4.0,114,1313,5.0,10,2026-04-06,540300,126700,709413900,0.0868,O'rtacha sotilgan
WB-100084,Bluetooth karnay Mini,Elektronika,1016000,49,4.5,60,1107,4.9,50,2025-10-07,518200,497800,573647400,0.0542,O'rtacha sotilgan
WB-100085,Yuz kremi Namlantiruvchi,Go'zallik va parvarish,46000,12,5.0,185,1224,4.3,100,2025-12-10,40500,5500,49572000,0.1511,O'rtacha sotilgan
WB-100086,Idish yuvish geli 1L,Uy-ro'zg'or buyumlari,378000,40,4.3,16,789,4.9,0,2025-10-28,226800,151200,178945200,0.0203,Kam sotilgan
WB-100087,Klassik kostyum-shim,Kiyim va poyabzal,74000,34,4.7,65,926,4.7,25,2026-05-11,48800,25200,45188800,0.0702,Kam sotilgan
WB-100088,Paypoqlar to'plami (5 juft),Kiyim va poyabzal,99000,41,3.8,88,1190,4.6,50,2026-03-15,58400,40600,69496000,0.0739,O'rtacha sotilgan
WB-100089,Oshxona tarozisi Elektron,Uy-ro'zg'or buyumlari,83000,52,4.7,8,882,4.4,25,2026-03-05,39800,43200,35103600,0.0091,Kam sotilgan
WB-100090,Tish tozalovchi kukun,Go'zallik va parvarish,208000,36,4.3,127,1562,4.4,50,2026-04-10,133100,74900,207902200,0.0813,Top sotilgan (Bestseller)
WB-100091,Plastilin to'plami,Bolalar tovarlari,276000,48,4.7,131,1519,5.0,0,2025-10-07,143500,132500,217976500,0.0862,Top sotilgan (Bestseller)
WB-100092,Klassik kostyum-shim,Kiyim va poyabzal,782000,16,4.3,98,915,4.8,250,2026-03-26,656900,125100,601063500,0.1071,Kam sotilgan
WB-100093,Taktik ryukzak 40L,Sport va dam olish,231000,49,4.8,20,954,4.4,100,2026-02-26,117800,113200,112381200,0.021,O'rtacha sotilgan
WB-100094,Uy shippagi Soft,Kiyim va poyabzal,812000,62,4.4,114,1744,4.7,500,2026-08-12,308600,503400,538198400,0.0654,Top sotilgan (Bestseller)
WB-100095,Organayzer javon,Uy-ro'zg'or buyumlari,694000,29,4.7,18,732,4.8,0,2025-10-07,492700,201300,360656400,0.0246,Kam sotilgan
WB-100096,Bluetooth karnay Mini,Elektronika,351000,29,4.8,340,2700,4.5,500,2026-07-04,249200,101800,672840000,0.1259,Top sotilgan (Bestseller)
WB-100097,Mexanik klaviatura RGB,Elektronika,915000,23,4.6,168,1169,4.7,250,2026-06-21,704600,210400,823677400,0.1437,O'rtacha sotilgan
WB-100098,Uy shippagi Soft,Kiyim va poyabzal,936000,44,4.6,348,3183,4.4,0,2025-08-25,524200,411800,1668528600,0.1093,Top sotilgan (Bestseller)
WB-100099,Sviter Casual,Kiyim va poyabzal,686000,6,4.5,196,1055,4.5,0,2026-04-14,644800,41200,680264000,0.1858,O'rtacha sotilgan
WB-100100,Tish tozalovchi kukun,Go'zallik va parvarish,197000,27,4.3,62,1055,5.0,50,2026-08-10,143800,53200,151709000,0.0588,O'rtacha sotilgan
WB-100101,Bolalar kolyaskasi Yengil,Bolalar tovarlari,287000,30,4.6,245,2279,5.0,0,2026-05-10,200900,86100,457851100,0.1075,Top sotilgan (Bestseller)
WB-100102,Klassik kostyum-shim,Kiyim va poyabzal,372000,55,4.4,19,960,4.8,10,2026-07-23,167400,204600,160704000,0.0198,O'rtacha sotilgan
WB-100103,Soch maskasi Keratin,Go'zallik va parvarish,346000,36,4.1,309,2493,4.3,500,2026-07-09,221400,124600,551950200,0.1239,Top sotilgan (Bestseller)
WB-100104,Parfyum Elixir 50ml,Go'zallik va parvarish,363000,23,4.3,9,566,4.7,25,2025-09-30,279500,83500,158197000,0.0159,Kam sotilgan
WB-100105,Paypoqlar to'plami (5 juft),Kiyim va poyabzal,511000,16,4.6,188,1807,4.7,250,2025-11-26,429200,81800,775564400,0.104,Top sotilgan (Bestseller)
WB-100106,Erkaklar futbolkasi Basic,Kiyim va poyabzal,461000,45,3.9,484,2620,4.5,250,2026-04-03,253600,207400,664432000,0.1847,Top sotilgan (Bestseller)
WB-100107,Tana skrabı Kofe,Go'zallik va parvarish,183000,31,4.9,49,928,4.2,0,2026-02-06,126300,56700,117206400,0.0528,O'rtacha sotilgan
WB-100108,Ring Light lampa,Elektronika,1582000,25,4.9,18,667,4.5,50,2025-10-27,1186500,395500,791395500,0.027,Kam sotilgan
WB-100109,Mexanik klaviatura RGB,Elektronika,1187000,31,4.7,145,1779,4.6,0,2026-07-18,819000,368000,1457001000,0.0815,Top sotilgan (Bestseller)
WB-100110,Qishki kurtka Oversize,Kiyim va poyabzal,220000,43,5.0,79,1128,4.7,500,2025-10-12,125400,94600,141451200,0.07,O'rtacha sotilgan
WB-100111,Choyshablar to'plami Satina,Uy-ro'zg'or buyumlari,57000,21,5.0,16,604,5.0,500,2026-07-07,45000,12000,27180000,0.0265,Kam sotilgan
WB-100112,Mexanik klaviatura RGB,Elektronika,707000,27,3.6,113,1299,4.4,10,2026-01-27,516100,190900,670413900,0.087,O'rtacha sotilgan
WB-100113,Sport sumkasi Suv o'tkazmaydigan,Sport va dam olish,264000,75,4.2,74,1452,4.8,10,2025-12-02,66000,198000,95832000,0.051,Top sotilgan (Bestseller)
WB-100114,Simsiz sichqoncha,Elektronika,1583000,28,4.4,224,2196,5.0,25,2026-04-09,1139800,443200,2503000800,0.102,Top sotilgan (Bestseller)
WB-100115,Telefon g'ilofi Silikon,Elektronika,1485000,60,4.0,64,1254,4.8,0,2026-03-01,594000,891000,744876000,0.051,O'rtacha sotilgan
WB-100116,Klassik kostyum-shim,Kiyim va poyabzal,494000,43,4.7,212,2180,4.9,50,2026-07-03,281600,212400,613888000,0.0972,Top sotilgan (Bestseller)
WB-100117,Powerbank 20000mAh,Elektronika,1024000,32,4.1,14,663,4.7,50,2026-07-15,696300,327700,461646900,0.0211,Kam sotilgan
WB-100118,Charm kamar,Kiyim va poyabzal,591000,52,4.5,33,965,4.7,10,2026-06-10,283700,307300,273770500,0.0342,O'rtacha sotilgan
WB-100119,Klassik kostyum-shim,Kiyim va poyabzal,120000,17,4.4,534,3613,4.8,250,2026-03-08,99600,20400,359854800,0.1478,Top sotilgan (Bestseller)
WB-100120,Ayollar ko'ylagi Vintage,Kiyim va poyabzal,367000,32,4.0,177,1796,4.7,100,2026-02-11,249600,117400,448281600,0.0986,Top sotilgan (Bestseller)
WB-100121,Oshxona tarozisi Elektron,Uy-ro'zg'or buyumlari,736000,25,4.5,17,649,4.6,10,2025-09-13,552000,184000,358248000,0.0262,Kam sotilgan
WB-100122,USB Type-C kabel Tezkor,Elektronika,966000,53,4.5,35,1113,4.8,500,2025-09-15,454000,512000,505302000,0.0314,O'rtacha sotilgan
WB-100123,Klassik kostyum-shim,Kiyim va poyabzal,449000,21,4.7,376,2391,5.0,25,2026-05-14,354700,94300,848087700,0.1573,Top sotilgan (Bestseller)
WB-100124,Mexanik klaviatura RGB,Elektronika,1116000,43,4.1,46,898,4.4,100,2026-03-28,636100,479900,571217800,0.0512,Kam sotilgan
WB-100125,Bluetooth karnay Mini,Elektronika,1138000,15,4.7,188,1114,4.4,100,2026-08-04,967300,170700,1077572200,0.1688,O'rtacha sotilgan
WB-100126,Bolalar futbolkasi Paxta,Bolalar tovarlari,64000,58,4.7,54,1191,4.5,250,2026-04-09,26900,37100,32037900,0.0453,O'rtacha sotilgan
WB-100127,Idish yuvish geli 1L,Uy-ro'zg'or buyumlari,129000,26,4.7,39,867,4.6,100,2026-03-08,95500,33500,82798500,0.045,Kam sotilgan
WB-100128,Oshxona tarozisi Elektron,Uy-ro'zg'or buyumlari,184000,17,4.2,791,3908,4.7,10,2026-08-22,152700,31300,596751600,0.2024,Top sotilgan (Bestseller)
WB-100129,Havo tozalagich diffuzor,Uy-ro'zg'or buyumlari,511000,30,4.1,41,790,4.9,250,2026-07-14,357700,153300,282583000,0.0519,Kam sotilgan
WB-100130,Jinsi shim Slim Fit,Kiyim va poyabzal,765000,36,4.9,53,944,4.7,10,2026-07-01,489600,275400,462182400,0.0561,O'rtacha sotilgan
WB-100131,Simsiz sichqoncha,Elektronika,984000,38,3.9,9,719,4.4,250,2026-05-13,610100,373900,438661900,0.0125,Kam sotilgan
WB-100132,Idish yuvish geli 1L,Uy-ro'zg'or buyumlari,161000,50,4.4,289,1917,4.7,10,2025-11-12,80500,80500,154318500,0.1508,Top sotilgan (Bestseller)
WB-100133,Avtomobil ushlagichi,Elektronika,1619000,41,4.3,120,1443,4.8,100,2025-10-08,955200,663800,1378353600,0.0832,Top sotilgan (Bestseller)
WB-100134,Gantellar to'plami 2x5kg,Sport va dam olish,144000,12,4.0,49,767,4.7,0,2025-09-14,126700,17300,97178900,0.0639,Kam sotilgan
WB-100135,Telefon g'ilofi Silikon,Elektronika,1399000,16,4.8,82,940,5.0,50,2025-12-25,1175200,223800,1104688000,0.0872,O'rtacha sotilgan
WB-100136,Smart soat Pro,Elektronika,1264000,43,4.8,74,1154,5.0,25,2026-02-14,720500,543500,831457000,0.0641,O'rtacha sotilgan
WB-100137,Avtomobil ushlagichi,Elektronika,263000,35,4.7,71,997,4.8,500,2026-07-03,171000,92000,170487000,0.0712,O'rtacha sotilgan
WB-100138,Sakrash arqoni Metall simli,Sport va dam olish,610000,33,4.3,20,737,4.7,50,2025-09-02,408700,201300,301211900,0.0271,Kam sotilgan
WB-100139,Yuz zardobi Hyaluron,Go'zallik va parvarish,116000,32,4.6,81,1210,4.4,100,2025-08-26,78900,37100,95469000,0.0669,O'rtacha sotilgan
WB-100140,Bolalar butilkasi Anti-kolik,Bolalar tovarlari,469000,24,4.8,101,964,4.6,100,2026-04-09,356400,112600,343569600,0.1048,O'rtacha sotilgan
WB-100141,Taktik ryukzak 40L,Sport va dam olish,112000,49,4.4,190,1800,4.4,10,2026-06-26,57100,54900,102780000,0.1056,Top sotilgan (Bestseller)
WB-100142,Krossovka Sport Run,Kiyim va poyabzal,695000,41,4.1,19,878,5.0,25,2025-11-13,410100,284900,360067800,0.0216,Kam sotilgan
WB-100143,Masofadan boshqariladigan mashina,Bolalar tovarlari,232000,43,4.1,148,1455,4.4,250,2025-10-17,132200,99800,192351000,0.1017,Top sotilgan (Bestseller)
WB-100144,Mikrofibra sochiqlar to'plami,Uy-ro'zg'or buyumlari,460000,32,5.0,429,3253,4.7,50,2025-11-17,312800,147200,1017538400,0.1319,Top sotilgan (Bestseller)
WB-100145,Bokal to'plami (6 dona),Uy-ro'zg'or buyumlari,136000,33,4.4,355,2057,4.6,10,2026-03-21,91100,44900,187392700,0.1726,Top sotilgan (Bestseller)
WB-100146,Oshxona tarozisi Elektron,Uy-ro'zg'or buyumlari,658000,34,4.4,17,695,4.9,100,2026-03-02,434300,223700,301838500,0.0245,Kam sotilgan
WB-100147,Sakrash arqoni Metall simli,Sport va dam olish,373000,21,3.9,137,1430,4.9,10,2026-01-11,294700,78300,421421000,0.0958,O'rtacha sotilgan
WB-100148,Velosiped chirog'i LED,Sport va dam olish,510000,28,4.0,80,955,4.4,250,2026-01-09,367200,142800,350676000,0.0838,O'rtacha sotilgan
WB-100149,Qo'l kremi Mini,Go'zallik va parvarish,373000,61,4.3,41,1146,4.4,50,2026-07-23,145500,227500,166743000,0.0358,O'rtacha sotilgan
WB-100150,Sviter Casual,Kiyim va poyabzal,301000,23,4.4,13,591,4.7,100,2025-12-15,231800,69200,136993800,0.022,Kam sotilgan
WB-100151,Simsiz sichqoncha,Elektronika,253000,35,4.5,95,1340,4.9,50,2026-04-23,164400,88600,220296000,0.0709,O'rtacha sotilgan
WB-100152,USB Type-C kabel Tezkor,Elektronika,1191000,40,4.4,102,1300,4.0,10,2026-03-23,714600,476400,928980000,0.0785,O'rtacha sotilgan
WB-100153,Termo ichki kiyim,Sport va dam olish,521000,44,5.0,246,1975,4.6,100,2025-10-15,291800,229200,576305000,0.1246,Top sotilgan (Bestseller)
WB-100154,Quyoshdan himoya kremi SPF50,Go'zallik va parvarish,248000,41,4.4,84,1121,4.4,250,2026-04-13,146300,101700,164002300,0.0749,O'rtacha sotilgan
WB-100155,Klassik kostyum-shim,Kiyim va poyabzal,764000,12,4.3,23,565,4.3,100,2026-02-05,672300,91700,379849500,0.0407,Kam sotilgan
WB-100156,Krossovka Sport Run,Kiyim va poyabzal,494000,36,4.5,58,979,4.8,100,2026-06-11,316200,177800,309559800,0.0592,O'rtacha sotilgan
WB-100157,Mikrofibra sochiqlar to'plami,Uy-ro'zg'or buyumlari,511000,26,4.5,139,1632,4.3,250,2025-10-21,378100,132900,617059200,0.0852,Top sotilgan (Bestseller)
WB-100158,Telefon g'ilofi Silikon,Elektronika,457000,40,4.7,165,1723,4.8,50,2026-05-24,274200,182800,472446600,0.0958,Top sotilgan (Bestseller)
WB-100159,Idish yuvish geli 1L,Uy-ro'zg'or buyumlari,659000,49,4.7,145,1377,4.6,100,2026-05-07,336100,322900,462809700,0.1053,O'rtacha sotilgan
WB-100160,Sviter Casual,Kiyim va poyabzal,453000,24,4.0,80,1095,4.6,10,2026-05-11,344300,108700,377008500,0.0731,O'rtacha sotilgan
WB-100161,Parfyum Elixir 50ml,Go'zallik va parvarish,332000,13,4.9,164,1420,4.7,0,2026-05-26,288800,43200,410096000,0.1155,O'rtacha sotilgan
WB-100162,Charm kamar,Kiyim va poyabzal,88000,13,4.8,174,1760,4.4,50,2026-04-08,76600,11400,134816000,0.0989,Top sotilgan (Bestseller)
WB-100163,Avtomobil ushlagichi,Elektronika,309000,39,4.4,592,3851,5.0,500,2025-08-23,188500,120500,725913500,0.1537,Top sotilgan (Bestseller)
WB-100164,Quyoshdan himoya kremi SPF50,Go'zallik va parvarish,205000,27,4.7,74,888,5.0,500,2025-10-18,149600,55400,132844800,0.0833,Kam sotilgan
WB-100165,Yuz kremi Namlantiruvchi,Go'zallik va parvarish,127000,53,4.7,70,1341,4.5,0,2026-03-15,59700,67300,80057700,0.0522,O'rtacha sotilgan
WB-100166,Mikrofibra sochiqlar to'plami,Uy-ro'zg'or buyumlari,131000,45,4.5,297,2549,4.4,500,2026-02-02,72000,59000,183528000,0.1165,Top sotilgan (Bestseller)
WB-100167,Shaker Protein,Sport va dam olish,175000,33,4.6,355,3301,4.4,50,2026-06-02,117200,57800,386877200,0.1075,Top sotilgan (Bestseller)
WB-100168,Termo ichki kiyim,Sport va dam olish,519000,28,4.8,19,677,4.3,500,2025-12-15,373700,145300,252994900,0.0281,Kam sotilgan
WB-100169,Konstruktor Lego mos keluvchi,Bolalar tovarlari,357000,53,4.4,17,948,4.9,50,2026-02-27,167800,189200,159074400,0.0179,O'rtacha sotilgan
WB-100170,Qishki kurtka Oversize,Kiyim va poyabzal,396000,31,4.4,9,636,4.4,10,2026-04-24,273200,122800,173755200,0.0142,Kam sotilgan
WB-100171,Simsiz quloqchin TWS,Elektronika,444000,44,5.0,164,1935,4.4,250,2025-12-04,248600,195400,481041000,0.0848,Top sotilgan (Bestseller)
WB-100172,USB Type-C kabel Tezkor,Elektronika,735000,21,4.4,36,677,4.6,250,2026-04-19,580600,154400,393066200,0.0532,Kam sotilgan
WB-100173,Klassik kostyum-shim,Kiyim va poyabzal,428000,25,4.4,18,634,4.5,50,2026-01-20,321000,107000,203514000,0.0284,Kam sotilgan
WB-100174,Telefon g'ilofi Silikon,Elektronika,939000,22,4.1,35,757,4.5,50,2026-04-14,732400,206600,554426800,0.0462,Kam sotilgan
WB-100175,Sviter Casual,Kiyim va poyabzal,495000,51,4.5,123,1334,4.7,500,2026-07-30,242600,252400,323628400,0.0922,O'rtacha sotilgan
WB-100176,Jinsi shim Slim Fit,Kiyim va poyabzal,120000,41,4.5,73,975,4.2,50,2026-07-25,70800,49200,69030000,0.0749,O'rtacha sotilgan
WB-100177,Yuz kremi Namlantiruvchi,Go'zallik va parvarish,32000,31,4.1,40,809,4.3,10,2025-10-15,22100,9900,17878900,0.0494,Kam sotilgan
WB-100178,Paypoqlar to'plami (5 juft),Kiyim va poyabzal,529000,39,4.2,60,975,4.8,250,2025-12-15,322700,206300,314632500,0.0615,O'rtacha sotilgan
WB-100179,Erkaklar futbolkasi Basic,Kiyim va poyabzal,143000,21,4.8,6,526,4.9,50,2026-07-18,113000,30000,59438000,0.0114,Kam sotilgan
WB-100180,Yumshoq ayiqcha Plush,Bolalar tovarlari,542000,44,4.4,277,2571,4.5,0,2026-08-07,303500,238500,780298500,0.1077,Top sotilgan (Bestseller)
WB-100181,Yuz kremi Namlantiruvchi,Go'zallik va parvarish,101000,36,4.4,27,785,4.2,0,2026-01-22,64600,36400,50711000,0.0344,Kam sotilgan
WB-100182,Plastilin to'plami,Bolalar tovarlari,421000,20,4.4,161,1599,4.5,250,2026-02-15,336800,84200,538543200,0.1007,Top sotilgan (Bestseller)
WB-100183,Bolalar butilkasi Anti-kolik,Bolalar tovarlari,381000,19,4.2,416,2489,4.3,50,2026-04-30,308600,72400,768105400,0.1671,Top sotilgan (Bestseller)
WB-100184,Powerbank 20000mAh,Elektronika,1249000,31,4.4,115,1411,4.5,10,2026-03-04,861800,387200,1215999800,0.0815,O'rtacha sotilgan
WB-100185,Havo tozalagich diffuzor,Uy-ro'zg'or buyumlari,290000,65,5.0,70,1521,4.7,50,2026-04-08,101500,188500,154381500,0.046,Top sotilgan (Bestseller)
WB-100186,Ayollar ko'ylagi Vintage,Kiyim va poyabzal,375000,51,4.8,47,1094,4.8,0,2026-06-04,183800,191200,201077200,0.043,O'rtacha sotilgan
WB-100187,Lab bo'yog'i Matte,Go'zallik va parvarish,316000,40,4.7,37,879,4.8,25,2026-04-26,189600,126400,166658400,0.0421,Kam sotilgan
WB-100188,Suv idishi Sport 750ml,Sport va dam olish,402000,37,4.7,43,1002,4.9,500,2026-02-06,253300,148700,253806600,0.0429,O'rtacha sotilgan
WB-100189,Masofadan boshqariladigan mashina,Bolalar tovarlari,121000,19,5.0,26,657,4.5,25,2026-08-12,98000,23000,64386000,0.0396,Kam sotilgan
WB-100190,Havo tozalagich diffuzor,Uy-ro'zg'or buyumlari,301000,41,4.2,14,773,4.4,250,2026-05-30,177600,123400,137284800,0.0181,Kam sotilgan
WB-100191,Sport sumkasi Suv o'tkazmaydigan,Sport va dam olish,307000,29,5.0,205,2029,4.8,250,2026-01-24,218000,89000,442322000,0.101,Top sotilgan (Bestseller)
WB-100192,Bokal to'plami (6 dona),Uy-ro'zg'or buyumlari,83000,52,4.5,61,1233,4.4,100,2025-09-09,39800,43200,49073400,0.0495,O'rtacha sotilgan
WB-100193,Pampers to'plami XL,Bolalar tovarlari,375000,41,4.4,34,952,4.9,100,2026-07-18,221300,153700,210677600,0.0357,O'rtacha sotilgan
WB-100194,Bokal to'plami (6 dona),Uy-ro'zg'or buyumlari,106000,43,4.6,164,1730,4.4,25,2026-03-10,60400,45600,104492000,0.0948,Top sotilgan (Bestseller)
WB-100195,Yostiq Ortopedik,Uy-ro'zg'or buyumlari,278000,41,4.5,64,1258,5.0,10,2026-02-16,164000,114000,206312000,0.0509,O'rtacha sotilgan
WB-100196,Charm kamar,Kiyim va poyabzal,370000,54,4.8,72,1194,4.7,0,2026-02-13,170200,199800,203218800,0.0603,O'rtacha sotilgan
WB-100197,Jinsi shim Slim Fit,Kiyim va poyabzal,519000,22,4.4,66,866,4.3,10,2026-07-15,404800,114200,350556800,0.0762,Kam sotilgan
WB-100198,Termos 1L zanglamas,Uy-ro'zg'or buyumlari,354000,33,4.5,29,753,4.2,100,2025-10-13,237200,116800,178611600,0.0385,Kam sotilgan
WB-100199,Telefon g'ilofi Silikon,Elektronika,867000,32,5.0,90,1185,4.4,100,2025-10-19,589600,277400,698676000,0.0759,O'rtacha sotilgan
WB-100200,Parfyum Elixir 50ml,Go'zallik va parvarish,415000,16,4.2,45,630,4.8,10,2026-05-10,348600,66400,219618000,0.0714,Kam sotilgan
WB-100201,Qo'l kremi Mini,Go'zallik va parvarish,104000,19,4.1,124,1412,4.5,10,2025-11-25,84200,19800,118890400,0.0878,O'rtacha sotilgan
WB-100202,Klassik kostyum-shim,Kiyim va poyabzal,907000,25,4.5,58,867,4.4,50,2026-03-22,680200,226800,589733400,0.0669,Kam sotilgan
WB-100203,Paypoqlar to'plami (5 juft),Kiyim va poyabzal,87000,35,4.2,38,873,4.8,250,2026-05-02,56600,30400,49411800,0.0435,Kam sotilgan
WB-100204,Sviter Casual,Kiyim va poyabzal,793000,16,5.0,5,417,4.4,0,2026-07-22,666100,126900,277763700,0.012,Kam sotilgan
WB-100205,Suv idishi Sport 750ml,Sport va dam olish,200000,39,4.4,240,1665,4.4,250,2026-06-19,122000,78000,203130000,0.1441,Top sotilgan (Bestseller)
WB-100206,Qo'l kremi Mini,Go'zallik va parvarish,96000,41,4.7,27,822,4.8,100,2025-11-16,56600,39400,46525200,0.0328,Kam sotilgan
WB-100207,USB Type-C kabel Tezkor,Elektronika,1718000,5,4.4,202,1116,4.3,0,2026-01-10,1632100,85900,1821423600,0.181,O'rtacha sotilgan
WB-100208,Bolalar kolyaskasi Yengil,Bolalar tovarlari,126000,30,4.7,222,1785,4.9,250,2026-03-22,88200,37800,157437000,0.1244,Top sotilgan (Bestseller)
WB-100209,Oshxona pichoqlar to'plami,Uy-ro'zg'or buyumlari,320000,34,4.0,251,1983,4.6,500,2025-10-08,211200,108800,418809600,0.1266,Top sotilgan (Bestseller)
WB-100210,Havo tozalagich diffuzor,Uy-ro'zg'or buyumlari,642000,39,4.2,413,3646,4.6,25,2026-02-10,391600,250400,1427773600,0.1133,Top sotilgan (Bestseller)
WB-100211,Bolalar butilkasi Anti-kolik,Bolalar tovarlari,541000,35,4.4,118,1549,4.7,10,2026-04-04,351600,189400,544628400,0.0762,Top sotilgan (Bestseller)
WB-100212,Powerbank 20000mAh,Elektronika,1597000,25,5.0,251,1528,4.7,250,2026-07-20,1197800,399200,1830238400,0.1643,Top sotilgan (Bestseller)
WB-100213,Telefon g'ilofi Silikon,Elektronika,1011000,40,4.6,28,801,4.4,50,2025-08-26,606600,404400,485886600,0.035,Kam sotilgan
WB-100214,Uy shippagi Soft,Kiyim va poyabzal,678000,24,4.5,11,611,4.7,25,2025-10-31,515300,162700,314848300,0.018,Kam sotilgan
WB-100215,Chizmachilik to'plami 100+ dona,Bolalar tovarlari,83000,16,4.3,21,528,5.0,50,2026-07-03,69700,13300,36801600,0.0398,Kam sotilgan
WB-100216,Ayollar ko'ylagi Vintage,Kiyim va poyabzal,185000,52,4.9,51,1150,4.4,250,2025-10-04,88800,96200,102120000,0.0443,O'rtacha sotilgan
WB-100217,Organayzer javon,Uy-ro'zg'or buyumlari,591000,24,3.9,128,1092,4.6,250,2026-03-10,449200,141800,490526400,0.1172,O'rtacha sotilgan
WB-100218,Bolalar kolyaskasi Yengil,Bolalar tovarlari,320000,48,4.8,108,1511,4.5,25,2025-10-28,166400,153600,251430400,0.0715,Top sotilgan (Bestseller)
WB-100219,Avtomobil ushlagichi,Elektronika,1255000,37,3.6,176,1281,4.7,0,2025-09-21,790600,464400,1012758600,0.1374,O'rtacha sotilgan
WB-100220,Avtomobil ushlagichi,Elektronika,1399000,21,4.7,122,1216,4.7,0,2026-05-10,1105200,293800,1343923200,0.1003,O'rtacha sotilgan
WB-100221,Klassik kostyum-shim,Kiyim va poyabzal,408000,16,4.0,137,912,4.2,500,2025-12-22,342700,65300,312542400,0.1502,Kam sotilgan
WB-100222,Simsiz sichqoncha,Elektronika,1133000,55,4.7,128,1458,4.6,0,2025-11-13,509800,623200,743288400,0.0878,Top sotilgan (Bestseller)
WB-100223,Parfyum Elixir 50ml,Go'zallik va parvarish,96000,53,4.9,37,1159,4.5,500,2026-03-29,45100,50900,52270900,0.0319,O'rtacha sotilgan
WB-100224,Idish yuvish geli 1L,Uy-ro'zg'or buyumlari,482000,17,4.5,6,484,4.7,500,2025-10-13,400100,81900,193648400,0.0124,Kam sotilgan
WB-100225,Sviter Casual,Kiyim va poyabzal,62000,36,4.5,5,698,4.5,500,2025-09-09,39700,22300,27710600,0.0072,Kam sotilgan
WB-100226,Bokal to'plami (6 dona),Uy-ro'zg'or buyumlari,192000,35,5.0,46,992,4.5,250,2025-09-17,124800,67200,123801600,0.0464,O'rtacha sotilgan
WB-100227,Termo ichki kiyim,Sport va dam olish,82000,23,4.6,223,1616,4.6,10,2026-01-18,63100,18900,101969600,0.138,Top sotilgan (Bestseller)
WB-100228,Soch maskasi Keratin,Go'zallik va parvarish,182000,80,4.3,179,2364,4.5,10,2025-08-25,36400,145600,86049600,0.0757,Top sotilgan (Bestseller)
WB-100229,Yuz kremi Namlantiruvchi,Go'zallik va parvarish,429000,56,4.5,226,2452,4.8,10,2026-03-24,188800,240200,462937600,0.0922,Top sotilgan (Bestseller)
WB-100230,Velosiped chirog'i LED,Sport va dam olish,97000,63,4.1,88,1517,5.0,0,2026-06-15,35900,61100,54460300,0.058,Top sotilgan (Bestseller)
WB-100231,Yumshoq ayiqcha Plush,Bolalar tovarlari,374000,55,4.7,16,1002,4.1,50,2026-08-15,168300,205700,168636600,0.016,O'rtacha sotilgan
WB-100232,Yuz zardobi Hyaluron,Go'zallik va parvarish,57000,42,5.0,105,1206,4.8,50,2025-10-22,33100,23900,39918600,0.0871,O'rtacha sotilgan
WB-100233,Qishki kurtka Oversize,Kiyim va poyabzal,472000,38,4.4,197,1633,4.3,10,2026-02-05,292600,179400,477815800,0.1206,Top sotilgan (Bestseller)
WB-100234,Termo ichki kiyim,Sport va dam olish,353000,29,4.3,561,2593,4.8,250,2026-05-30,250600,102400,649805800,0.2164,Top sotilgan (Bestseller)
WB-100235,Chizmachilik to'plami 100+ dona,Bolalar tovarlari,112000,59,4.7,30,1053,4.8,250,2025-10-04,45900,66100,48332700,0.0285,O'rtacha sotilgan
WB-100236,Konstruktor Lego mos keluvchi,Bolalar tovarlari,598000,41,5.0,198,1537,4.2,0,2025-09-12,352800,245200,542253600,0.1288,Top sotilgan (Bestseller)
WB-100237,Termo ichki kiyim,Sport va dam olish,541000,32,4.6,137,1206,4.8,25,2026-04-07,367900,173100,443687400,0.1136,O'rtacha sotilgan
WB-100238,Yuz zardobi Hyaluron,Go'zallik va parvarish,300000,5,4.5,78,578,4.8,250,2026-05-18,285000,15000,164730000,0.1349,Kam sotilgan
WB-100239,Yuz kremi Namlantiruvchi,Go'zallik va parvarish,445000,37,4.2,94,1216,4.4,50,2026-01-07,280400,164600,340966400,0.0773,O'rtacha sotilgan
WB-100240,Qishki kurtka Oversize,Kiyim va poyabzal,112000,53,4.5,174,2266,4.6,250,2025-12-23,52600,59400,119191600,0.0768,Top sotilgan (Bestseller)
WB-100241,Fitnes rezinkalar to'plami,Sport va dam olish,506000,53,4.4,486,3469,4.3,10,2025-11-20,237800,268200,824928200,0.1401,Top sotilgan (Bestseller)
WB-100242,Havo tozalagich diffuzor,Uy-ro'zg'or buyumlari,688000,57,4.6,353,3036,4.5,500,2026-05-01,295800,392200,898048800,0.1163,Top sotilgan (Bestseller)
WB-100243,Erkaklar futbolkasi Basic,Kiyim va poyabzal,267000,38,4.9,0,705,4.7,250,2025-11-20,165500,101500,116677500,0.0,Kam sotilgan
WB-100244,Simsiz quloqchin TWS,Elektronika,334000,32,4.3,14,683,4.7,250,2026-07-27,227100,106900,155109300,0.0205,Kam sotilgan
WB-100245,Powerbank 20000mAh,Elektronika,1758000,33,4.1,122,1291,5.0,100,2026-08-12,1177900,580100,1520668900,0.0945,O'rtacha sotilgan
WB-100246,Ring Light lampa,Elektronika,1481000,17,4.9,41,657,4.6,100,2026-03-10,1229200,251800,807584400,0.0624,Kam sotilgan
WB-100247,Lab bo'yog'i Matte,Go'zallik va parvarish,281000,69,4.1,29,1227,4.5,250,2025-09-30,87100,193900,106871700,0.0236,O'rtacha sotilgan
WB-100248,Ayollar ko'ylagi Vintage,Kiyim va poyabzal,791000,23,4.0,49,667,5.0,25,2025-12-31,609100,181900,406269700,0.0735,Kam sotilgan
WB-100249,Charm kamar,Kiyim va poyabzal,712000,65,4.4,81,1418,4.6,50,2026-06-13,249200,462800,353365600,0.0571,O'rtacha sotilgan
WB-100250,Ayollar ko'ylagi Vintage,Kiyim va poyabzal,771000,37,4.5,36,794,5.0,10,2025-09-29,485700,285300,385645800,0.0453,Kam sotilgan
WB-100251,Paypoqlar to'plami (5 juft),Kiyim va poyabzal,937000,53,4.2,67,1268,4.4,0,2025-10-12,440400,496600,558427200,0.0528,O'rtacha sotilgan
WB-100252,Avtomobil ushlagichi,Elektronika,1322000,33,4.2,39,816,4.7,500,2026-04-30,885700,436300,722731200,0.0478,Kam sotilgan
WB-100253,USB Type-C kabel Tezkor,Elektronika,1497000,22,4.2,12,499,4.1,50,2025-10-20,1167700,329300,582682300,0.024,Kam sotilgan
WB-100254,Parfyum Elixir 50ml,Go'zallik va parvarish,64000,25,4.4,260,1853,4.7,50,2026-01-03,48000,16000,88944000,0.1403,Top sotilgan (Bestseller)
WB-100255,Ayollar ko'ylagi Vintage,Kiyim va poyabzal,136000,24,4.9,423,3100,4.4,500,2026-05-16,103400,32600,320540000,0.1365,Top sotilgan (Bestseller)
WB-100256,Bolalar futbolkasi Paxta,Bolalar tovarlari,363000,36,4.8,60,1139,4.7,100,2026-06-10,232300,130700,264589700,0.0527,O'rtacha sotilgan
WB-100257,Charm kamar,Kiyim va poyabzal,214000,74,4.4,198,1866,4.9,50,2025-12-03,55600,158400,103749600,0.1061,Top sotilgan (Bestseller)
WB-100258,Rivojlantiruvchi taxta Busyboard,Bolalar tovarlari,222000,31,4.5,10,600,4.4,100,2026-04-13,153200,68800,91920000,0.0167,Kam sotilgan
WB-100259,Idish yuvish geli 1L,Uy-ro'zg'or buyumlari,406000,21,4.7,19,609,4.0,0,2026-06-06,320700,85300,195306300,0.0312,Kam sotilgan
WB-100260,Bolalar butilkasi Anti-kolik,Bolalar tovarlari,532000,33,5.0,101,1224,4.8,100,2026-06-29,356400,175600,436233600,0.0825,O'rtacha sotilgan
WB-100261,Bluetooth karnay Mini,Elektronika,1268000,51,4.6,37,1018,5.0,25,2026-01-12,621300,646700,632483400,0.0363,O'rtacha sotilgan
WB-100262,Termos 1L zanglamas,Uy-ro'zg'or buyumlari,127000,51,4.4,209,1797,4.8,10,2026-04-05,62200,64800,111773400,0.1163,Top sotilgan (Bestseller)
WB-100263,Choyshablar to'plami Satina,Uy-ro'zg'or buyumlari,654000,42,4.1,20,805,4.6,500,2026-05-17,379300,274700,305336500,0.0248,Kam sotilgan
WB-100264,Jinsi shim Slim Fit,Kiyim va poyabzal,805000,35,4.9,300,2661,5.0,100,2026-03-13,523200,281800,1392235200,0.1127,Top sotilgan (Bestseller)
WB-100265,Klassik kostyum-shim,Kiyim va poyabzal,495000,5,4.8,77,741,5.0,25,2026-08-09,470200,24800,348418200,0.1039,Kam sotilgan
WB-100266,Paypoqlar to'plami (5 juft),Kiyim va poyabzal,494000,37,4.7,30,800,4.4,500,2026-08-06,311200,182800,248960000,0.0375,Kam sotilgan
WB-100267,Tish tozalovchi kukun,Go'zallik va parvarish,365000,38,5.0,343,3002,4.4,50,2026-02-16,226300,138700,679352600,0.1143,Top sotilgan (Bestseller)
WB-100268,Avtomobil ushlagichi,Elektronika,1498000,29,4.6,85,1143,4.4,250,2026-06-22,1063600,434400,1215694800,0.0744,O'rtacha sotilgan
WB-100269,Ayollar ko'ylagi Vintage,Kiyim va poyabzal,359000,32,4.8,38,898,4.5,10,2025-11-06,244100,114900,219201800,0.0423,Kam sotilgan
WB-100270,Paypoqlar to'plami (5 juft),Kiyim va poyabzal,420000,31,4.7,3,614,5.0,50,2026-03-08,289800,130200,177937200,0.0049,Kam sotilgan
WB-100271,Sport sumkasi Suv o'tkazmaydigan,Sport va dam olish,249000,29,4.0,122,1263,4.5,25,2025-11-17,176800,72200,223298400,0.0966,O'rtacha sotilgan
WB-100272,Ayollar ko'ylagi Vintage,Kiyim va poyabzal,479000,33,3.9,98,1387,4.4,250,2025-10-06,320900,158100,445088300,0.0707,O'rtacha sotilgan
WB-100273,Plastilin to'plami,Bolalar tovarlari,482000,29,4.7,41,847,4.7,100,2026-06-15,342200,139800,289843400,0.0484,Kam sotilgan
WB-100274,Pampers to'plami XL,Bolalar tovarlari,111000,27,4.1,63,1041,5.0,25,2026-03-19,81000,30000,84321000,0.0605,O'rtacha sotilgan
WB-100275,Gantellar to'plami 2x5kg,Sport va dam olish,233000,29,3.9,80,1073,4.9,0,2026-04-10,165400,67600,177474200,0.0746,O'rtacha sotilgan
WB-100276,Krossovka Sport Run,Kiyim va poyabzal,496000,35,4.4,114,1327,5.0,50,2025-08-24,322400,173600,427824800,0.0859,O'rtacha sotilgan
WB-100277,Simsiz quloqchin TWS,Elektronika,1614000,35,4.1,2,639,4.4,25,2026-01-28,1049100,564900,670374900,0.0031,Kam sotilgan
WB-100278,Lab bo'yog'i Matte,Go'zallik va parvarish,53000,70,4.7,73,1483,4.6,250,2025-10-29,15900,37100,23579700,0.0492,Top sotilgan (Bestseller)
WB-100279,Telefon g'ilofi Silikon,Elektronika,364000,57,4.1,2,920,4.6,0,2026-06-19,156500,207500,143980000,0.0022,Kam sotilgan
WB-100280,Mikrofibra sochiqlar to'plami,Uy-ro'zg'or buyumlari,300000,18,4.0,117,1157,4.6,500,2025-09-01,246000,54000,284622000,0.1011,O'rtacha sotilgan
WB-100281,Smart soat Pro,Elektronika,1021000,26,4.5,142,1432,4.9,250,2026-05-15,755500,265500,1081876000,0.0992,Top sotilgan (Bestseller)
WB-100282,Ayollar ko'ylagi Vintage,Kiyim va poyabzal,515000,25,4.3,184,1551,4.3,500,2026-05-16,386200,128800,598996200,0.1186,Top sotilgan (Bestseller)
WB-100283,Powerbank 20000mAh,Elektronika,148000,24,4.5,324,2163,4.6,0,2026-06-11,112500,35500,243337500,0.1498,Top sotilgan (Bestseller)
WB-100284,Sviter Casual,Kiyim va poyabzal,127000,29,3.8,124,1254,4.6,0,2025-10-12,90200,36800,113110800,0.0989,O'rtacha sotilgan
WB-100285,Bolalar butilkasi Anti-kolik,Bolalar tovarlari,490000,25,5.0,11,663,4.7,250,2026-07-19,367500,122500,243652500,0.0166,Kam sotilgan
WB-100286,Ring Light lampa,Elektronika,541000,33,4.2,50,796,4.8,500,2026-03-07,362500,178500,288550000,0.0628,Kam sotilgan
WB-100287,Powerbank 20000mAh,Elektronika,274000,33,4.4,342,2041,4.8,500,2026-06-09,183600,90400,374727600,0.1676,Top sotilgan (Bestseller)
WB-100288,Bluetooth karnay Mini,Elektronika,1132000,55,4.0,155,2011,4.6,50,2026-04-04,509400,622600,1024403400,0.0771,Top sotilgan (Bestseller)
WB-100289,Avtomobil ushlagichi,Elektronika,1400000,17,4.3,457,3390,4.9,250,2026-07-04,1162000,238000,3939180000,0.1348,Top sotilgan (Bestseller)
WB-100290,Klassik kostyum-shim,Kiyim va poyabzal,651000,29,4.3,210,2145,4.6,10,2026-05-07,462200,188800,991419000,0.0979,Top sotilgan (Bestseller)
WB-100291,Yumshoq ayiqcha Plush,Bolalar tovarlari,462000,29,4.8,39,796,4.5,500,2025-12-20,328000,134000,261088000,0.049,Kam sotilgan
WB-100292,Shampun Sulfatsiz,Go'zallik va parvarish,217000,27,4.6,82,1102,4.8,100,2026-05-30,158400,58600,174556800,0.0744,O'rtacha sotilgan
WB-100293,Tish tozalovchi kukun,Go'zallik va parvarish,296000,49,4.2,127,1491,5.0,500,2025-12-14,151000,145000,225141000,0.0852,Top sotilgan (Bestseller)
WB-100294,Idish yuvish geli 1L,Uy-ro'zg'or buyumlari,371000,21,4.0,14,562,4.8,500,2026-07-12,293100,77900,164722200,0.0249,Kam sotilgan
WB-100295,Shampun Sulfatsiz,Go'zallik va parvarish,44000,39,4.7,151,1746,4.8,10,2025-10-22,26800,17200,46792800,0.0865,Top sotilgan (Bestseller)
WB-100296,Yuz zardobi Hyaluron,Go'zallik va parvarish,330000,47,4.7,313,3047,4.4,50,2026-04-13,174900,155100,532920300,0.1027,Top sotilgan (Bestseller)
WB-100297,Charm kamar,Kiyim va poyabzal,64000,33,4.1,68,1058,4.4,10,2026-08-11,42900,21100,45388200,0.0643,O'rtacha sotilgan
WB-100298,Uy shippagi Soft,Kiyim va poyabzal,645000,24,4.3,255,1859,4.4,10,2026-01-09,490200,154800,911281800,0.1372,Top sotilgan (Bestseller)
WB-100299,Powerbank 20000mAh,Elektronika,318000,9,4.1,86,932,4.5,250,2026-06-01,289400,28600,269720800,0.0923,O'rtacha sotilgan
WB-100300,Parfyum Elixir 50ml,Go'zallik va parvarish,317000,42,4.4,148,1908,4.9,250,2026-02-03,183900,133100,350881200,0.0776,Top sotilgan (Bestseller)
WB-100301,Tish tozalovchi kukun,Go'zallik va parvarish,268000,27,4.2,165,1735,5.0,500,2025-08-28,195600,72400,339366000,0.0951,Top sotilgan (Bestseller)
WB-100302,Erkaklar futbolkasi Basic,Kiyim va poyabzal,238000,35,4.3,40,843,4.3,25,2025-12-04,154700,83300,130412100,0.0474,Kam sotilgan
WB-100303,Yumshoq ayiqcha Plush,Bolalar tovarlari,387000,26,4.1,30,700,4.8,500,2026-08-13,286400,100600,200480000,0.0429,Kam sotilgan
WB-100304,Termo ichki kiyim,Sport va dam olish,294000,40,4.0,405,2205,4.4,500,2026-04-05,176400,117600,388962000,0.1837,Top sotilgan (Bestseller)
WB-100305,Havo tozalagich diffuzor,Uy-ro'zg'or buyumlari,574000,15,4.4,179,1805,4.8,250,2025-09-29,487900,86100,880659500,0.0992,Top sotilgan (Bestseller)
WB-100306,Qo'l kremi Mini,Go'zallik va parvarish,42000,32,4.8,21,801,4.6,10,2025-09-11,28600,13400,22908600,0.0262,Kam sotilgan
WB-100307,Paypoqlar to'plami (5 juft),Kiyim va poyabzal,810000,26,5.0,95,919,4.3,10,2026-05-15,599400,210600,550848600,0.1034,Kam sotilgan
WB-100308,Avtomobil ushlagichi,Elektronika,774000,16,5.0,130,1077,5.0,100,2026-05-20,650200,123800,700265400,0.1207,O'rtacha sotilgan
WB-100309,Mikrofibra sochiqlar to'plami,Uy-ro'zg'or buyumlari,113000,28,4.7,123,1513,4.7,25,2026-03-05,81400,31600,123158200,0.0813,Top sotilgan (Bestseller)
WB-100310,Avtomobil ushlagichi,Elektronika,1325000,52,4.6,176,1858,4.6,25,2026-07-21,636000,689000,1181688000,0.0947,Top sotilgan (Bestseller)
WB-100311,Gantellar to'plami 2x5kg,Sport va dam olish,633000,37,4.1,118,1173,4.5,250,2026-03-27,398800,234200,467792400,0.1006,O'rtacha sotilgan
WB-100312,Plastilin to'plami,Bolalar tovarlari,404000,58,4.3,20,1025,4.7,0,2025-11-21,169700,234300,173942500,0.0195,O'rtacha sotilgan
WB-100313,Yuz zardobi Hyaluron,Go'zallik va parvarish,412000,21,4.7,62,787,4.7,0,2026-07-16,325500,86500,256168500,0.0788,Kam sotilgan
WB-100314,Mikrofibra sochiqlar to'plami,Uy-ro'zg'or buyumlari,535000,65,4.9,13,1114,4.7,500,2026-04-03,187200,347800,208540800,0.0117,O'rtacha sotilgan
WB-100315,Krossovka Sport Run,Kiyim va poyabzal,535000,44,4.8,191,1918,4.6,250,2026-07-19,299600,235400,574632800,0.0996,Top sotilgan (Bestseller)
WB-100316,Quyoshdan himoya kremi SPF50,Go'zallik va parvarish,85000,53,4.6,60,1239,4.7,250,2026-02-14,40000,45000,49560000,0.0484,O'rtacha sotilgan
WB-100317,Chizmachilik to'plami 100+ dona,Bolalar tovarlari,134000,40,5.0,25,849,4.1,500,2026-05-30,80400,53600,68259600,0.0294,Kam sotilgan
WB-100318,Smart soat Pro,Elektronika,511000,41,4.9,363,2584,4.4,25,2026-07-05,301500,209500,779076000,0.1405,Top sotilgan (Bestseller)
WB-100319,Tana skrabı Kofe,Go'zallik va parvarish,287000,28,4.9,100,1087,4.8,0,2026-01-29,206600,80400,224574200,0.092,O'rtacha sotilgan
WB-100320,Bokal to'plami (6 dona),Uy-ro'zg'or buyumlari,229000,20,4.9,48,725,4.7,50,2026-05-31,183200,45800,132820000,0.0662,Kam sotilgan
WB-100321,Qishki kurtka Oversize,Kiyim va poyabzal,824000,46,4.8,36,1070,4.6,0,2026-05-08,445000,379000,476150000,0.0336,O'rtacha sotilgan
WB-100322,Tish tozalovchi kukun,Go'zallik va parvarish,115000,46,4.6,269,2374,4.5,50,2025-12-14,62100,52900,147425400,0.1133,Top sotilgan (Bestseller)
WB-100323,Chizmachilik to'plami 100+ dona,Bolalar tovarlari,303000,19,4.5,83,1016,4.2,100,2026-08-07,245400,57600,249326400,0.0817,O'rtacha sotilgan
WB-100324,Powerbank 20000mAh,Elektronika,1054000,7,4.2,18,429,4.6,500,2026-04-28,980200,73800,420505800,0.042,Kam sotilgan
WB-100325,Jinsi shim Slim Fit,Kiyim va poyabzal,521000,38,4.2,299,2934,4.7,0,2026-08-17,323000,198000,947682000,0.1019,Top sotilgan (Bestseller)
WB-100326,USB Type-C kabel Tezkor,Elektronika,1075000,21,4.4,57,834,4.5,25,2026-03-02,849200,225800,708232800,0.0683,Kam sotilgan
WB-100327,Bluetooth karnay Mini,Elektronika,917000,14,4.6,83,748,4.7,250,2026-01-12,788600,128400,589872800,0.111,Kam sotilgan
WB-100328,Smart soat Pro,Elektronika,1217000,23,4.7,14,579,4.6,250,2026-03-20,937100,279900,542580900,0.0242,Kam sotilgan
WB-100329,Lab bo'yog'i Matte,Go'zallik va parvarish,82000,5,4.4,19,388,4.5,50,2026-06-24,77900,4100,30225200,0.049,Kam sotilgan
WB-100330,Rivojlantiruvchi taxta Busyboard,Bolalar tovarlari,571000,39,5.0,76,1152,4.9,10,2026-06-16,348300,222700,401241600,0.066,O'rtacha sotilgan
WB-100331,Organayzer javon,Uy-ro'zg'or buyumlari,151000,21,3.8,108,857,4.7,0,2025-12-03,119300,31700,102240100,0.126,Kam sotilgan
WB-100332,Yostiq Ortopedik,Uy-ro'zg'or buyumlari,466000,49,5.0,109,1617,4.5,0,2026-04-25,237700,228300,384360900,0.0674,Top sotilgan (Bestseller)
WB-100333,Yuz kremi Namlantiruvchi,Go'zallik va parvarish,406000,38,4.0,88,1144,4.7,10,2026-04-25,251700,154300,287944800,0.0769,O'rtacha sotilgan
WB-100334,Tish tozalovchi kukun,Go'zallik va parvarish,67000,46,4.8,31,1013,5.0,50,2025-12-31,36200,30800,36670600,0.0306,O'rtacha sotilgan
WB-100335,Idish yuvish geli 1L,Uy-ro'zg'or buyumlari,406000,20,4.5,27,654,4.7,50,2026-07-21,324800,81200,212419200,0.0413,Kam sotilgan
WB-100336,Tish tozalovchi kukun,Go'zallik va parvarish,180000,31,5.0,168,1527,4.3,25,2026-06-04,124200,55800,189653400,0.11,Top sotilgan (Bestseller)
WB-100337,Bluetooth karnay Mini,Elektronika,1412000,28,4.6,239,1539,5.0,10,2025-10-12,1016600,395400,1564547400,0.1553,Top sotilgan (Bestseller)
WB-100338,Avtomobil ushlagichi,Elektronika,1136000,33,4.4,59,1009,4.2,50,2026-06-25,761100,374900,767949900,0.0585,O'rtacha sotilgan
WB-100339,Ayollar ko'ylagi Vintage,Kiyim va poyabzal,602000,29,3.7,61,927,5.0,0,2025-11-19,427400,174600,396199800,0.0658,O'rtacha sotilgan
WB-100340,Sviter Casual,Kiyim va poyabzal,494000,54,4.6,87,1279,4.7,10,2026-07-23,227200,266800,290588800,0.068,O'rtacha sotilgan
WB-100341,Termo ichki kiyim,Sport va dam olish,255000,19,4.8,87,1070,4.6,25,2026-06-04,206600,48400,221062000,0.0813,O'rtacha sotilgan
WB-100342,Velosiped chirog'i LED,Sport va dam olish,178000,51,4.4,62,1067,4.9,100,2025-09-28,87200,90800,93042400,0.0581,O'rtacha sotilgan
WB-100343,Sviter Casual,Kiyim va poyabzal,911000,54,4.0,102,1558,4.5,500,2025-12-24,419100,491900,652957800,0.0655,Top sotilgan (Bestseller)
WB-100344,Soch maskasi Keratin,Go'zallik va parvarish,406000,46,4.2,35,956,4.4,250,2025-12-17,219200,186800,209555200,0.0366,O'rtacha sotilgan
WB-100345,Avtomobil ushlagichi,Elektronika,97000,40,4.3,11,777,4.5,10,2026-04-22,58200,38800,45221400,0.0142,Kam sotilgan
WB-100346,Lab bo'yog'i Matte,Go'zallik va parvarish,428000,21,3.8,82,810,4.1,10,2025-12-17,338100,89900,273861000,0.1012,Kam sotilgan
WB-100347,Lab bo'yog'i Matte,Go'zallik va parvarish,356000,39,4.6,374,2879,4.6,0,2026-04-25,217200,138800,625318800,0.1299,Top sotilgan (Bestseller)
WB-100348,Masofadan boshqariladigan mashina,Bolalar tovarlari,527000,5,4.6,297,1712,4.9,0,2026-05-18,500600,26400,857027200,0.1735,Top sotilgan (Bestseller)
WB-100349,Quyoshdan himoya kremi SPF50,Go'zallik va parvarish,173000,51,4.0,73,1099,4.6,0,2025-08-28,84800,88200,93195200,0.0664,O'rtacha sotilgan
WB-100350,Klassik kostyum-shim,Kiyim va poyabzal,605000,33,4.9,32,807,4.4,50,2026-03-27,405300,199700,327077100,0.0397,Kam sotilgan
WB-100351,Mexanik klaviatura RGB,Elektronika,561000,38,4.7,102,1168,4.7,10,2026-06-02,347800,213200,406230400,0.0873,O'rtacha sotilgan
WB-100352,Krossovka Sport Run,Kiyim va poyabzal,481000,50,4.5,17,940,4.4,25,2026-04-28,240500,240500,226070000,0.0181,O'rtacha sotilgan
WB-100353,Qo'l kremi Mini,Go'zallik va parvarish,67000,40,4.7,35,999,4.8,25,2026-02-22,40200,26800,40159800,0.035,O'rtacha sotilgan
WB-100354,Bolalar butilkasi Anti-kolik,Bolalar tovarlari,56000,56,5.0,395,2632,4.4,10,2026-01-14,24600,31400,64747200,0.1501,Top sotilgan (Bestseller)
WB-100355,Soch maskasi Keratin,Go'zallik va parvarish,403000,25,4.7,119,1050,5.0,25,2026-03-25,302200,100800,317310000,0.1133,O'rtacha sotilgan
WB-100356,Yumshoq ayiqcha Plush,Bolalar tovarlari,89000,27,4.8,127,1400,4.4,50,2026-02-23,65000,24000,91000000,0.0907,O'rtacha sotilgan
WB-100357,Lab bo'yog'i Matte,Go'zallik va parvarish,103000,58,4.6,130,1932,4.5,10,2026-03-13,43300,59700,83655600,0.0673,Top sotilgan (Bestseller)
WB-100358,Pampers to'plami XL,Bolalar tovarlari,75000,37,4.1,662,3278,4.5,50,2026-01-27,47200,27800,154721600,0.202,Top sotilgan (Bestseller)
WB-100359,Powerbank 20000mAh,Elektronika,306000,36,4.4,130,1605,4.9,500,2026-05-25,195800,110200,314259000,0.081,Top sotilgan (Bestseller)
WB-100360,Sviter Casual,Kiyim va poyabzal,218000,17,4.2,121,1124,4.5,25,2026-02-15,180900,37100,203331600,0.1077,O'rtacha sotilgan
WB-100361,Qishki kurtka Oversize,Kiyim va poyabzal,494000,34,4.8,0,660,4.4,50,2026-05-22,326000,168000,215160000,0.0,Kam sotilgan
WB-100362,Suv idishi Sport 750ml,Sport va dam olish,223000,37,3.9,109,1409,4.6,100,2026-04-02,140500,82500,197964500,0.0774,O'rtacha sotilgan
WB-100363,Bokal to'plami (6 dona),Uy-ro'zg'or buyumlari,626000,36,4.6,117,1356,4.3,250,2026-08-07,400600,225400,543213600,0.0863,O'rtacha sotilgan
WB-100364,Parfyum Elixir 50ml,Go'zallik va parvarish,200000,40,4.3,41,951,4.5,100,2026-04-30,120000,80000,114120000,0.0431,O'rtacha sotilgan
WB-100365,Sviter Casual,Kiyim va poyabzal,80000,47,4.5,16,890,4.6,0,2026-05-01,42400,37600,37736000,0.018,Kam sotilgan
WB-100366,Oshxona tarozisi Elektron,Uy-ro'zg'or buyumlari,749000,9,4.6,48,698,4.6,500,2026-03-10,681600,67400,475756800,0.0688,Kam sotilgan
WB-100367,Qishki kurtka Oversize,Kiyim va poyabzal,787000,38,4.3,175,1489,4.3,250,2025-09-08,487900,299100,726483100,0.1175,Top sotilgan (Bestseller)
WB-100368,Jinsi shim Slim Fit,Kiyim va poyabzal,481000,29,4.2,46,902,4.8,100,2025-10-23,341500,139500,308033000,0.051,Kam sotilgan
WB-100369,Erkaklar futbolkasi Basic,Kiyim va poyabzal,829000,36,4.5,120,1273,4.8,0,2026-03-12,530600,298400,675453800,0.0943,O'rtacha sotilgan
WB-100370,Charm kamar,Kiyim va poyabzal,673000,49,5.0,34,1026,4.4,500,2026-07-08,343200,329800,352123200,0.0331,O'rtacha sotilgan
WB-100371,Sviter Casual,Kiyim va poyabzal,764000,42,4.7,479,4119,4.1,50,2025-11-28,443100,320900,1825128900,0.1163,Top sotilgan (Bestseller)
WB-100372,Organayzer javon,Uy-ro'zg'or buyumlari,677000,18,4.5,41,722,4.7,25,2026-02-03,555100,121900,400782200,0.0568,Kam sotilgan
WB-100373,Pampers to'plami XL,Bolalar tovarlari,134000,18,4.4,205,1625,4.7,100,2026-03-04,109900,24100,178587500,0.1262,Top sotilgan (Bestseller)
WB-100374,Tana skrabı Kofe,Go'zallik va parvarish,355000,36,5.0,128,1421,4.8,50,2026-05-31,227200,127800,322851200,0.0901,O'rtacha sotilgan
WB-100375,Bluetooth karnay Mini,Elektronika,270000,29,4.5,216,1469,4.5,50,2025-11-28,191700,78300,281607300,0.147,Top sotilgan (Bestseller)
WB-100376,Bolalar futbolkasi Paxta,Bolalar tovarlari,337000,31,4.2,54,967,4.8,10,2026-07-23,232500,104500,224827500,0.0558,O'rtacha sotilgan
WB-100377,Erkaklar futbolkasi Basic,Kiyim va poyabzal,381000,33,3.8,207,2088,4.7,100,2025-09-11,255300,125700,533066400,0.0991,Top sotilgan (Bestseller)
WB-100378,Jinsi shim Slim Fit,Kiyim va poyabzal,915000,54,4.8,91,1271,4.6,250,2025-11-21,420900,494100,534963900,0.0716,O'rtacha sotilgan
WB-100379,Idish yuvish geli 1L,Uy-ro'zg'or buyumlari,288000,13,4.6,257,1490,4.8,25,2026-07-24,250600,37400,373394000,0.1725,Top sotilgan (Bestseller)
WB-100380,Bluetooth karnay Mini,Elektronika,1632000,5,4.1,223,1443,4.3,25,2026-06-29,1550400,81600,2237227200,0.1545,Top sotilgan (Bestseller)
WB-100381,Avtomobil ushlagichi,Elektronika,1673000,34,5.0,71,1024,3.9,100,2025-08-30,1104200,568800,1130700800,0.0693,O'rtacha sotilgan
WB-100382,USB Type-C kabel Tezkor,Elektronika,1773000,37,4.8,177,2076,4.1,100,2026-06-02,1117000,656000,2318892000,0.0853,Top sotilgan (Bestseller)
WB-100383,Charm kamar,Kiyim va poyabzal,377000,44,4.8,104,1246,4.5,50,2026-06-09,211100,165900,263030600,0.0835,O'rtacha sotilgan
WB-100384,Oshxona tarozisi Elektron,Uy-ro'zg'or buyumlari,154000,45,4.0,103,1517,4.5,250,2026-06-13,84700,69300,128489900,0.0679,Top sotilgan (Bestseller)
WB-100385,Sakrash arqoni Metall simli,Sport va dam olish,252000,41,4.2,242,2508,5.0,100,2025-08-27,148700,103300,372939600,0.0965,Top sotilgan (Bestseller)
WB-100386,Sviter Casual,Kiyim va poyabzal,97000,26,4.5,83,945,4.7,50,2026-04-07,71800,25200,67851000,0.0878,O'rtacha sotilgan
WB-100387,Uy shippagi Soft,Kiyim va poyabzal,318000,28,4.6,10,649,4.7,0,2026-03-14,229000,89000,148621000,0.0154,Kam sotilgan
WB-100388,Krossovka Sport Run,Kiyim va poyabzal,488000,39,4.8,101,1342,4.6,10,2025-09-27,297700,190300,399513400,0.0753,O'rtacha sotilgan
WB-100389,Idish yuvish geli 1L,Uy-ro'zg'or buyumlari,95000,27,4.2,51,790,4.6,25,2025-11-16,69400,25600,54826000,0.0646,Kam sotilgan
WB-100390,Suv idishi Sport 750ml,Sport va dam olish,420000,5,4.8,31,524,4.9,0,2025-10-18,399000,21000,209076000,0.0592,Kam sotilgan
WB-100391,Lab bo'yog'i Matte,Go'zallik va parvarish,394000,36,4.4,142,1222,4.6,10,2026-05-24,252200,141800,308188400,0.1162,O'rtacha sotilgan
WB-100392,Choyshablar to'plami Satina,Uy-ro'zg'or buyumlari,378000,33,4.3,143,1104,4.4,0,2025-12-30,253300,124700,279643200,0.1295,O'rtacha sotilgan
WB-100393,Idish yuvish geli 1L,Uy-ro'zg'or buyumlari,378000,5,4.7,8,326,4.1,25,2025-10-16,359100,18900,117066600,0.0245,Kam sotilgan
WB-100394,Yuz zardobi Hyaluron,Go'zallik va parvarish,441000,11,4.5,281,1951,4.5,10,2026-05-05,392500,48500,765767500,0.144,Top sotilgan (Bestseller)
WB-100395,Mikrofibra sochiqlar to'plami,Uy-ro'zg'or buyumlari,208000,21,4.4,59,715,4.8,250,2026-01-23,164300,43700,117474500,0.0825,Kam sotilgan
WB-100396,Yuz kremi Namlantiruvchi,Go'zallik va parvarish,291000,57,4.0,202,1612,4.5,10,2026-02-12,125100,165900,201661200,0.1253,Top sotilgan (Bestseller)
WB-100397,Uy shippagi Soft,Kiyim va poyabzal,523000,21,3.9,139,1186,4.5,25,2026-06-27,413200,109800,490055200,0.1172,O'rtacha sotilgan
WB-100398,Krossovka Sport Run,Kiyim va poyabzal,577000,30,4.3,17,729,4.3,50,2025-11-04,403900,173100,294443100,0.0233,Kam sotilgan
WB-100399,Ayollar ko'ylagi Vintage,Kiyim va poyabzal,556000,42,4.4,45,1060,4.2,50,2026-03-20,322500,233500,341850000,0.0425,O'rtacha sotilgan
WB-100400,Rivojlantiruvchi taxta Busyboard,Bolalar tovarlari,129000,38,4.7,3,697,4.4,100,2025-12-18,80000,49000,55760000,0.0043,Kam sotilgan
WB-100401,Ayollar ko'ylagi Vintage,Kiyim va poyabzal,672000,17,4.6,111,1154,4.9,50,2026-04-21,557800,114200,643701200,0.0962,O'rtacha sotilgan
WB-100402,Erkaklar futbolkasi Basic,Kiyim va poyabzal,884000,45,4.4,133,1356,4.7,50,2026-07-03,486200,397800,659287200,0.0981,O'rtacha sotilgan
WB-100403,Yuz zardobi Hyaluron,Go'zallik va parvarish,207000,38,4.0,208,2030,5.0,100,2026-06-22,128300,78700,260449000,0.1025,Top sotilgan (Bestseller)
WB-100404,Mikrofibra sochiqlar to'plami,Uy-ro'zg'or buyumlari,405000,8,4.7,5,353,4.6,250,2025-09-11,372600,32400,131527800,0.0142,Kam sotilgan
WB-100405,Yuz kremi Namlantiruvchi,Go'zallik va parvarish,106000,6,4.8,178,1174,4.8,0,2026-08-10,99600,6400,116930400,0.1516,O'rtacha sotilgan
WB-100406,Bolalar futbolkasi Paxta,Bolalar tovarlari,95000,25,4.5,105,1300,4.5,25,2026-04-09,71200,23800,92560000,0.0808,O'rtacha sotilgan
WB-100407,Bolalar kolyaskasi Yengil,Bolalar tovarlari,535000,46,4.7,125,1644,4.9,0,2025-10-19,288900,246100,474951600,0.076,Top sotilgan (Bestseller)
WB-100408,Uy shippagi Soft,Kiyim va poyabzal,707000,55,4.4,20,1017,4.6,25,2026-06-07,318100,388900,323507700,0.0197,O'rtacha sotilgan
WB-100409,Krossovka Sport Run,Kiyim va poyabzal,219000,31,4.5,44,865,4.7,0,2025-10-28,151100,67900,130701500,0.0509,Kam sotilgan
WB-100410,Mikrofibra sochiqlar to'plami,Uy-ro'zg'or buyumlari,360000,46,4.2,0,772,4.9,50,2026-04-11,194400,165600,150076800,0.0,Kam sotilgan
WB-100411,Yuz zardobi Hyaluron,Go'zallik va parvarish,400000,31,5.0,205,1533,4.7,25,2025-09-09,276000,124000,423108000,0.1337,Top sotilgan (Bestseller)
WB-100412,Tish tozalovchi kukun,Go'zallik va parvarish,152000,39,4.4,64,956,4.3,250,2026-08-15,92700,59300,88621200,0.0669,O'rtacha sotilgan
WB-100413,Charm kamar,Kiyim va poyabzal,727000,32,4.6,175,1514,4.3,500,2026-03-28,494400,232600,748521600,0.1156,Top sotilgan (Bestseller)
WB-100414,Shampun Sulfatsiz,Go'zallik va parvarish,320000,32,4.9,89,1212,4.5,250,2026-07-10,217600,102400,263731200,0.0734,O'rtacha sotilgan
WB-100415,Idish yuvish geli 1L,Uy-ro'zg'or buyumlari,702000,47,4.5,112,1281,4.5,25,2025-10-27,372100,329900,476660100,0.0874,O'rtacha sotilgan
WB-100416,Oshxona tarozisi Elektron,Uy-ro'zg'or buyumlari,385000,43,4.9,147,1928,4.6,250,2025-10-21,219500,165500,423196000,0.0762,Top sotilgan (Bestseller)
WB-100417,Qo'l kremi Mini,Go'zallik va parvarish,201000,25,4.9,121,980,4.8,500,2025-09-25,150800,50200,147784000,0.1235,O'rtacha sotilgan
WB-100418,Simsiz quloqchin TWS,Elektronika,276000,27,4.8,100,1354,4.5,500,2026-02-11,201500,74500,272831000,0.0739,O'rtacha sotilgan
WB-100419,Yuz kremi Namlantiruvchi,Go'zallik va parvarish,299000,14,4.6,267,1963,5.0,50,2025-09-19,257100,41900,504687300,0.136,Top sotilgan (Bestseller)
WB-100420,Havo tozalagich diffuzor,Uy-ro'zg'or buyumlari,430000,54,4.6,48,1249,4.5,10,2026-01-12,197800,232200,247052200,0.0384,O'rtacha sotilgan
WB-100421,Avtomobil ushlagichi,Elektronika,1529000,21,4.3,108,1272,4.2,25,2026-08-20,1207900,321100,1536448800,0.0849,O'rtacha sotilgan
WB-100422,Yuz zardobi Hyaluron,Go'zallik va parvarish,183000,41,4.2,89,1087,4.6,10,2025-10-08,108000,75000,117396000,0.0819,O'rtacha sotilgan
WB-100423,Quyoshdan himoya kremi SPF50,Go'zallik va parvarish,90000,25,4.8,248,1740,5.0,0,2026-05-13,67500,22500,117450000,0.1425,Top sotilgan (Bestseller)
WB-100424,Oshxona tarozisi Elektron,Uy-ro'zg'or buyumlari,309000,39,4.4,44,880,4.2,25,2026-04-18,188500,120500,165880000,0.05,Kam sotilgan
WB-100425,Organayzer javon,Uy-ro'zg'or buyumlari,46000,36,4.0,28,759,4.9,500,2026-04-04,29400,16600,22314600,0.0369,Kam sotilgan
WB-100426,Ayollar ko'ylagi Vintage,Kiyim va poyabzal,74000,22,4.2,27,614,4.7,250,2026-01-14,57700,16300,35427800,0.044,Kam sotilgan
WB-100427,Bluetooth karnay Mini,Elektronika,1010000,38,4.5,280,1723,4.7,50,2025-11-21,626200,383800,1078942600,0.1625,Top sotilgan (Bestseller)
WB-100428,Soch maskasi Keratin,Go'zallik va parvarish,287000,24,5.0,149,1456,4.5,500,2026-04-17,218100,68900,317553600,0.1023,Top sotilgan (Bestseller)
WB-100429,Bolalar futbolkasi Paxta,Bolalar tovarlari,99000,27,5.0,174,1561,4.6,100,2026-01-01,72300,26700,112860300,0.1115,Top sotilgan (Bestseller)
WB-100430,Havo tozalagich diffuzor,Uy-ro'zg'or buyumlari,598000,47,4.2,3,785,4.8,10,2026-01-13,316900,281100,248766500,0.0038,Kam sotilgan
WB-100431,Ayollar ko'ylagi Vintage,Kiyim va poyabzal,421000,33,4.3,97,981,4.9,100,2026-03-21,282100,138900,276740100,0.0989,O'rtacha sotilgan
WB-100432,Charm kamar,Kiyim va poyabzal,402000,20,5.0,107,1209,4.8,100,2026-08-12,321600,80400,388814400,0.0885,O'rtacha sotilgan
WB-100433,Paypoqlar to'plami (5 juft),Kiyim va poyabzal,805000,50,4.8,47,1010,4.7,50,2025-09-26,402500,402500,406525000,0.0465,O'rtacha sotilgan
WB-100434,Qo'l kremi Mini,Go'zallik va parvarish,164000,31,4.4,29,688,4.4,500,2025-08-22,113200,50800,77881600,0.0422,Kam sotilgan
WB-100435,Parfyum Elixir 50ml,Go'zallik va parvarish,191000,26,4.4,137,1172,4.4,25,2026-04-01,141300,49700,165603600,0.1169,O'rtacha sotilgan
WB-100436,Taktik ryukzak 40L,Sport va dam olish,45000,50,4.5,16,889,4.8,0,2025-08-22,22500,22500,20002500,0.018,Kam sotilgan
WB-100437,USB Type-C kabel Tezkor,Elektronika,1569000,37,5.0,60,975,4.8,100,2025-12-08,988500,580500,963787500,0.0615,O'rtacha sotilgan
WB-100438,Uy shippagi Soft,Kiyim va poyabzal,811000,25,4.8,40,841,4.6,250,2025-08-30,608200,202800,511496200,0.0476,Kam sotilgan
WB-100439,Yostiq Ortopedik,Uy-ro'zg'or buyumlari,91000,25,4.2,73,1015,4.4,10,2026-04-11,68200,22800,69223000,0.0719,O'rtacha sotilgan
WB-100440,Tana skrabı Kofe,Go'zallik va parvarish,121000,33,4.5,82,1178,4.4,100,2026-06-13,81100,39900,95535800,0.0696,O'rtacha sotilgan
WB-100441,Tana skrabı Kofe,Go'zallik va parvarish,73000,12,4.6,18,557,4.5,500,2026-01-12,64200,8800,35759400,0.0323,Kam sotilgan
WB-100442,Yumshoq ayiqcha Plush,Bolalar tovarlari,181000,19,4.1,132,1284,4.5,100,2025-09-18,146600,34400,188234400,0.1028,O'rtacha sotilgan
WB-100443,Charm kamar,Kiyim va poyabzal,516000,11,4.6,65,879,4.4,0,2026-08-12,459200,56800,403636800,0.0739,Kam sotilgan
WB-100444,Idish yuvish geli 1L,Uy-ro'zg'or buyumlari,218000,21,4.2,102,1119,5.0,0,2026-01-15,172200,45800,192691800,0.0912,O'rtacha sotilgan
WB-100445,Qishki kurtka Oversize,Kiyim va poyabzal,284000,26,4.3,35,738,4.3,250,2025-11-07,210200,73800,155127600,0.0474,Kam sotilgan
WB-100446,Jinsi shim Slim Fit,Kiyim va poyabzal,492000,44,3.8,50,952,5.0,10,2026-05-02,275500,216500,262276000,0.0525,O'rtacha sotilgan
WB-100447,Simsiz sichqoncha,Elektronika,1329000,44,4.9,221,1598,5.0,0,2025-11-15,744200,584800,1189231600,0.1383,Top sotilgan (Bestseller)
WB-100448,Quyoshdan himoya kremi SPF50,Go'zallik va parvarish,124000,28,4.2,36,750,4.7,500,2026-04-08,89300,34700,66975000,0.048,Kam sotilgan
WB-100449,Yuz kremi Namlantiruvchi,Go'zallik va parvarish,66000,21,4.4,223,1861,4.4,25,2026-01-05,52100,13900,96958100,0.1198,Top sotilgan (Bestseller)
WB-100450,Soch maskasi Keratin,Go'zallik va parvarish,354000,34,3.9,106,1061,4.9,10,2026-01-29,233600,120400,247849600,0.0999,O'rtacha sotilgan
WB-100451,Konstruktor Lego mos keluvchi,Bolalar tovarlari,273000,12,4.4,51,714,4.7,100,2025-10-08,240200,32800,171502800,0.0714,Kam sotilgan
WB-100452,Bolalar kolyaskasi Yengil,Bolalar tovarlari,573000,19,4.1,15,572,4.9,250,2026-06-07,464100,108900,265465200,0.0262,Kam sotilgan
WB-100453,Krossovka Sport Run,Kiyim va poyabzal,285000,5,4.7,122,1228,4.9,250,2026-02-03,270800,14200,332542400,0.0993,O'rtacha sotilgan
WB-100454,Simsiz quloqchin TWS,Elektronika,738000,32,4.6,373,2346,4.7,10,2026-06-30,501800,236200,1177222800,0.159,Top sotilgan (Bestseller)
WB-100455,Sviter Casual,Kiyim va poyabzal,744000,39,5.0,292,2686,4.7,100,2025-12-28,453800,290200,1218906800,0.1087,Top sotilgan (Bestseller)
WB-100456,Yuz kremi Namlantiruvchi,Go'zallik va parvarish,421000,28,4.3,144,1626,4.5,500,2026-04-30,303100,117900,492840600,0.0886,Top sotilgan (Bestseller)
WB-100457,Oshxona pichoqlar to'plami,Uy-ro'zg'or buyumlari,419000,72,4.5,204,2207,4.4,25,2026-02-08,117300,301700,258881100,0.0924,Top sotilgan (Bestseller)
WB-100458,Shampun Sulfatsiz,Go'zallik va parvarish,180000,43,4.2,220,2253,4.8,100,2025-09-11,102600,77400,231157800,0.0976,Top sotilgan (Bestseller)
WB-100459,Mexanik klaviatura RGB,Elektronika,1622000,25,4.3,10,584,4.5,10,2025-09-03,1216500,405500,710436000,0.0171,Kam sotilgan
WB-100460,Shampun Sulfatsiz,Go'zallik va parvarish,362000,24,4.2,402,3385,4.6,25,2025-09-19,275100,86900,931213500,0.1188,Top sotilgan (Bestseller)
WB-100461,Telefon g'ilofi Silikon,Elektronika,1468000,26,4.2,136,1556,4.9,0,2025-09-09,1086300,381700,1690282800,0.0874,Top sotilgan (Bestseller)
WB-100462,Paypoqlar to'plami (5 juft),Kiyim va poyabzal,101000,32,4.3,22,675,5.0,50,2026-06-30,68700,32300,46372500,0.0326,Kam sotilgan
WB-100463,Yumshoq ayiqcha Plush,Bolalar tovarlari,108000,17,4.2,7,433,5.0,250,2026-08-04,89600,18400,38796800,0.0162,Kam sotilgan
WB-100464,Choyshablar to'plami Satina,Uy-ro'zg'or buyumlari,129000,48,4.0,173,1848,4.7,10,2026-03-22,67100,61900,124000800,0.0936,Top sotilgan (Bestseller)
WB-100465,Jinsi shim Slim Fit,Kiyim va poyabzal,494000,41,4.5,225,2130,4.6,50,2025-10-02,291500,202500,620895000,0.1056,Top sotilgan (Bestseller)
WB-100466,Paypoqlar to'plami (5 juft),Kiyim va poyabzal,849000,11,4.8,177,1552,4.9,100,2026-04-09,755600,93400,1172691200,0.114,Top sotilgan (Bestseller)
WB-100467,Yuz kremi Namlantiruvchi,Go'zallik va parvarish,278000,30,4.0,11,642,4.8,100,2025-12-20,194600,83400,124933200,0.0171,Kam sotilgan
WB-100468,Taktik ryukzak 40L,Sport va dam olish,261000,36,4.1,29,839,4.4,10,2025-10-18,167000,94000,140113000,0.0346,Kam sotilgan
WB-100469,Suv idishi Sport 750ml,Sport va dam olish,343000,53,5.0,6,920,4.8,100,2026-04-11,161200,181800,148304000,0.0065,Kam sotilgan
WB-100470,Gantellar to'plami 2x5kg,Sport va dam olish,136000,52,4.6,8,869,4.7,50,2025-12-01,65300,70700,56745700,0.0092,Kam sotilgan
WB-100471,Ayollar ko'ylagi Vintage,Kiyim va poyabzal,350000,55,4.8,244,2172,4.9,50,2025-09-18,157500,192500,342090000,0.1123,Top sotilgan (Bestseller)
WB-100472,Suv idishi Sport 750ml,Sport va dam olish,149000,23,4.8,25,643,4.8,0,2026-08-11,114700,34300,73752100,0.0389,Kam sotilgan
WB-100473,Charm kamar,Kiyim va poyabzal,468000,41,4.8,261,2363,4.3,100,2025-11-17,276100,191900,652424300,0.1105,Top sotilgan (Bestseller)
WB-100474,Uy shippagi Soft,Kiyim va poyabzal,823000,5,4.6,107,1065,5.0,250,2025-12-26,781800,41200,832617000,0.1005,O'rtacha sotilgan
WB-100475,Paypoqlar to'plami (5 juft),Kiyim va poyabzal,902000,62,4.1,64,1227,4.6,100,2025-09-08,342800,559200,420615600,0.0522,O'rtacha sotilgan
WB-100476,Yumshoq ayiqcha Plush,Bolalar tovarlari,296000,36,4.9,1,694,4.6,25,2025-12-22,189400,106600,131443600,0.0014,Kam sotilgan
WB-100477,Parfyum Elixir 50ml,Go'zallik va parvarish,94000,16,4.6,105,1244,4.6,250,2026-03-17,79000,15000,98276000,0.0844,O'rtacha sotilgan
WB-100478,Yuz kremi Namlantiruvchi,Go'zallik va parvarish,391000,63,4.8,48,1158,4.7,100,2026-05-26,144700,246300,167562600,0.0415,O'rtacha sotilgan
WB-100479,Idish yuvish geli 1L,Uy-ro'zg'or buyumlari,664000,34,4.4,348,2915,4.5,25,2026-04-17,438200,225800,1277353000,0.1194,Top sotilgan (Bestseller)
WB-100480,Sviter Casual,Kiyim va poyabzal,687000,11,4.3,17,411,4.5,250,2026-06-15,611400,75600,251285400,0.0414,Kam sotilgan
WB-100481,Termos 1L zanglamas,Uy-ro'zg'or buyumlari,261000,49,4.3,65,1038,4.8,100,2026-05-18,133100,127900,138157800,0.0626,O'rtacha sotilgan
WB-100482,Quyoshdan himoya kremi SPF50,Go'zallik va parvarish,407000,21,4.6,134,1414,4.5,10,2026-04-13,321500,85500,454601000,0.0948,O'rtacha sotilgan
WB-100483,Ayollar ko'ylagi Vintage,Kiyim va poyabzal,157000,31,5.0,82,1204,4.6,25,2026-03-23,108300,48700,130393200,0.0681,O'rtacha sotilgan
WB-100484,Klassik kostyum-shim,Kiyim va poyabzal,434000,34,4.4,25,736,4.2,100,2026-07-18,286400,147600,210790400,0.034,Kam sotilgan
WB-100485,Havo tozalagich diffuzor,Uy-ro'zg'or buyumlari,380000,25,4.1,95,1003,4.4,25,2025-11-17,285000,95000,285855000,0.0947,O'rtacha sotilgan
WB-100486,USB Type-C kabel Tezkor,Elektronika,1404000,48,4.6,73,1148,4.4,25,2025-11-23,730100,673900,838154800,0.0636,O'rtacha sotilgan
WB-100487,Yostiq Ortopedik,Uy-ro'zg'or buyumlari,146000,70,5.0,102,1640,4.7,250,2025-09-08,43800,102200,71832000,0.0622,Top sotilgan (Bestseller)
WB-100488,Charm kamar,Kiyim va poyabzal,540000,41,4.8,303,2334,4.6,50,2026-02-01,318600,221400,743612400,0.1298,Top sotilgan (Bestseller)
WB-100489,Quyoshdan himoya kremi SPF50,Go'zallik va parvarish,166000,30,4.1,41,917,4.6,10,2026-06-07,116200,49800,106555400,0.0447,Kam sotilgan
WB-100490,Smart soat Pro,Elektronika,1338000,41,4.4,96,1155,4.9,50,2026-02-20,789400,548600,911757000,0.0831,O'rtacha sotilgan
WB-100491,Tish tozalovchi kukun,Go'zallik va parvarish,249000,40,3.9,26,804,4.3,0,2026-05-11,149400,99600,120117600,0.0323,Kam sotilgan
WB-100492,Quyoshdan himoya kremi SPF50,Go'zallik va parvarish,426000,46,4.3,19,900,4.8,25,2026-02-14,230000,196000,207000000,0.0211,Kam sotilgan
WB-100493,Yumshoq ayiqcha Plush,Bolalar tovarlari,165000,53,4.1,64,1218,4.9,50,2026-03-22,77600,87400,94516800,0.0525,O'rtacha sotilgan
WB-100494,Jinsi shim Slim Fit,Kiyim va poyabzal,330000,53,4.5,49,1226,4.5,0,2026-03-19,155100,174900,190152600,0.04,O'rtacha sotilgan
WB-100495,Charm kamar,Kiyim va poyabzal,692000,35,4.3,24,761,4.6,500,2026-01-23,449800,242200,342297800,0.0315,Kam sotilgan
WB-100496,Soch maskasi Keratin,Go'zallik va parvarish,120000,37,4.3,42,927,4.5,250,2026-01-16,75600,44400,70081200,0.0453,O'rtacha sotilgan
WB-100497,Termos 1L zanglamas,Uy-ro'zg'or buyumlari,50000,36,4.1,423,3251,4.8,50,2026-01-01,32000,18000,104032000,0.1301,Top sotilgan (Bestseller)
WB-100498,Oshxona pichoqlar to'plami,Uy-ro'zg'or buyumlari,299000,34,4.4,36,867,4.8,250,2025-10-30,197300,101700,171059100,0.0415,Kam sotilgan
WB-100499,Bluetooth karnay Mini,Elektronika,164000,29,5.0,9,613,4.3,100,2025-11-15,116400,47600,71353200,0.0147,Kam sotilgan
WB-100500,Rivojlantiruvchi taxta Busyboard,Bolalar tovarlari,196000,30,4.2,91,1047,4.7,25,2026-02-28,137200,58800,143648400,0.0869,O'rtacha sotilgan
WB-100501,Gantellar to'plami 2x5kg,Sport va dam olish,102000,40,4.7,25,877,4.3,100,2026-05-21,61200,40800,53672400,0.0285,Kam sotilgan
WB-100502,Plastilin to'plami,Bolalar tovarlari,301000,59,4.8,308,2685,4.8,500,2026-04-05,123400,177600,331329000,0.1147,Top sotilgan (Bestseller)
WB-100503,Havo tozalagich diffuzor,Uy-ro'zg'or buyumlari,154000,26,5.0,15,612,4.2,25,2025-10-25,114000,40000,69768000,0.0245,Kam sotilgan
WB-100504,Smart soat Pro,Elektronika,214000,38,3.9,5,688,4.3,0,2026-04-19,132700,81300,91297600,0.0073,Kam sotilgan
WB-100505,Erkaklar futbolkasi Basic,Kiyim va poyabzal,732000,41,3.7,27,901,4.8,0,2025-11-04,431900,300100,389141900,0.03,Kam sotilgan
WB-100506,Sakrash arqoni Metall simli,Sport va dam olish,255000,51,4.0,113,1507,4.8,500,2025-08-29,125000,130000,188375000,0.075,Top sotilgan (Bestseller)
WB-100507,Gantellar to'plami 2x5kg,Sport va dam olish,590000,5,4.3,12,304,4.6,25,2026-08-14,560500,29500,170392000,0.0395,Kam sotilgan
WB-100508,Gantellar to'plami 2x5kg,Sport va dam olish,549000,50,4.5,86,1289,4.4,50,2025-10-17,274500,274500,353830500,0.0667,O'rtacha sotilgan
WB-100509,USB Type-C kabel Tezkor,Elektronika,1038000,47,4.6,14,850,4.5,500,2026-04-06,550100,487900,467585000,0.0165,Kam sotilgan
WB-100510,Termo ichki kiyim,Sport va dam olish,155000,61,4.8,77,1510,5.0,50,2026-08-01,60400,94600,91204000,0.051,Top sotilgan (Bestseller)
WB-100511,Oshxona pichoqlar to'plami,Uy-ro'zg'or buyumlari,116000,16,4.8,455,3554,4.5,25,2025-12-01,97400,18600,346159600,0.128,Top sotilgan (Bestseller)
WB-100512,Yoga mat 6mm,Sport va dam olish,182000,19,4.7,173,1639,4.4,500,2026-07-17,147400,34600,241588600,0.1056,Top sotilgan (Bestseller)
WB-100513,Bokal to'plami (6 dona),Uy-ro'zg'or buyumlari,741000,26,4.5,72,819,4.6,10,2025-09-06,548300,192700,449057700,0.0879,Kam sotilgan
WB-100514,Erkaklar futbolkasi Basic,Kiyim va poyabzal,925000,18,4.9,19,588,4.7,500,2026-05-15,758500,166500,445998000,0.0323,Kam sotilgan
WB-100515,Charm kamar,Kiyim va poyabzal,496000,33,4.8,235,2043,4.6,50,2025-10-21,332300,163700,678888900,0.115,Top sotilgan (Bestseller)
WB-100516,Simsiz sichqoncha,Elektronika,142000,44,5.0,181,2142,4.8,25,2026-03-09,79500,62500,170289000,0.0845,Top sotilgan (Bestseller)
WB-100517,Choyshablar to'plami Satina,Uy-ro'zg'or buyumlari,523000,19,4.3,231,1767,4.8,50,2026-07-03,423600,99400,748501200,0.1307,Top sotilgan (Bestseller)
WB-100518,Simsiz quloqchin TWS,Elektronika,128000,62,4.7,51,1372,4.7,25,2026-03-04,48600,79400,66679200,0.0372,O'rtacha sotilgan
WB-100519,Bluetooth karnay Mini,Elektronika,177000,35,4.8,44,817,4.1,0,2026-02-10,115000,62000,93955000,0.0539,Kam sotilgan
WB-100520,Uy shippagi Soft,Kiyim va poyabzal,566000,44,4.3,142,1642,4.6,50,2026-02-03,317000,249000,520514000,0.0865,Top sotilgan (Bestseller)
WB-100521,Jinsi shim Slim Fit,Kiyim va poyabzal,359000,9,4.5,49,631,4.8,50,2026-07-13,326700,32300,206147700,0.0777,Kam sotilgan
WB-100522,Pampers to'plami XL,Bolalar tovarlari,164000,33,4.8,102,1328,4.2,250,2026-06-14,109900,54100,145947200,0.0768,O'rtacha sotilgan
WB-100523,Sviter Casual,Kiyim va poyabzal,483000,41,5.0,126,1361,4.3,100,2026-01-29,285000,198000,387885000,0.0926,O'rtacha sotilgan
WB-100524,Soch maskasi Keratin,Go'zallik va parvarish,310000,5,4.3,118,978,4.9,250,2026-04-18,294500,15500,288021000,0.1207,O'rtacha sotilgan
WB-100525,Plastilin to'plami,Bolalar tovarlari,564000,34,4.4,26,781,5.0,500,2026-01-22,372200,191800,290688200,0.0333,Kam sotilgan
WB-100526,Yumshoq ayiqcha Plush,Bolalar tovarlari,397000,41,4.3,40,877,4.4,10,2025-10-19,234200,162800,205393400,0.0456,Kam sotilgan
WB-100527,Organayzer javon,Uy-ro'zg'or buyumlari,364000,20,4.4,124,926,4.7,25,2026-01-11,291200,72800,269651200,0.1339,Kam sotilgan
WB-100528,Bolalar futbolkasi Paxta,Bolalar tovarlari,479000,65,4.8,45,1285,4.8,25,2026-07-31,167600,311400,215366000,0.035,O'rtacha sotilgan
WB-100529,Gantellar to'plami 2x5kg,Sport va dam olish,184000,19,4.3,15,517,4.4,100,2025-12-28,149000,35000,77033000,0.029,Kam sotilgan
WB-100530,Tana skrabı Kofe,Go'zallik va parvarish,165000,22,4.3,165,1228,4.7,10,2025-12-09,128700,36300,158043600,0.1344,O'rtacha sotilgan
WB-100531,Ring Light lampa,Elektronika,176000,12,4.4,14,438,4.6,25,2025-11-04,154900,21100,67846200,0.032,Kam sotilgan
WB-100532,Konstruktor Lego mos keluvchi,Bolalar tovarlari,403000,38,4.4,161,1866,4.8,250,2025-12-22,249900,153100,466313400,0.0863,Top sotilgan (Bestseller)
WB-100533,Tana skrabı Kofe,Go'zallik va parvarish,409000,27,4.1,32,764,4.6,25,2026-01-23,298600,110400,228130400,0.0419,Kam sotilgan
WB-100534,Jinsi shim Slim Fit,Kiyim va poyabzal,825000,43,4.8,45,1058,4.3,25,2025-10-02,470300,354700,497577400,0.0425,O'rtacha sotilgan
WB-100535,Qo'l kremi Mini,Go'zallik va parvarish,419000,27,4.8,300,1759,4.8,0,2026-02-18,305900,113100,538078100,0.1706,Top sotilgan (Bestseller)
WB-100536,Tana skrabı Kofe,Go'zallik va parvarish,218000,39,4.5,123,1480,4.5,50,2025-12-02,133000,85000,196840000,0.0831,Top sotilgan (Bestseller)
WB-100537,Krossovka Sport Run,Kiyim va poyabzal,282000,29,3.9,125,1047,4.5,25,2026-04-10,200200,81800,209609400,0.1194,O'rtacha sotilgan
WB-100538,Ring Light lampa,Elektronika,1502000,38,4.3,64,988,4.2,100,2025-12-14,931200,570800,920025600,0.0648,O'rtacha sotilgan
WB-100539,Tish tozalovchi kukun,Go'zallik va parvarish,291000,68,4.0,26,1208,4.8,50,2026-06-25,93100,197900,112464800,0.0215,O'rtacha sotilgan
WB-100540,Ring Light lampa,Elektronika,282000,31,4.1,303,2260,4.5,250,2025-12-04,194600,87400,439796000,0.1341,Top sotilgan (Bestseller)
WB-100541,Organayzer javon,Uy-ro'zg'or buyumlari,567000,23,4.8,27,653,4.2,10,2026-03-24,436600,130400,285099800,0.0413,Kam sotilgan
WB-100542,Qishki kurtka Oversize,Kiyim va poyabzal,270000,24,4.6,104,1208,4.7,500,2026-02-03,205200,64800,247881600,0.0861,O'rtacha sotilgan
WB-100543,Uy shippagi Soft,Kiyim va poyabzal,691000,33,4.2,12,651,4.8,25,2026-06-28,463000,228000,301413000,0.0184,Kam sotilgan
WB-100544,Yuz kremi Namlantiruvchi,Go'zallik va parvarish,27000,20,4.5,455,3465,5.0,0,2026-06-15,21600,5400,74844000,0.1313,Top sotilgan (Bestseller)
WB-100545,Tana skrabı Kofe,Go'zallik va parvarish,398000,43,4.7,90,1130,4.7,10,2026-05-04,226900,171100,256397000,0.0796,O'rtacha sotilgan
WB-100546,Bokal to'plami (6 dona),Uy-ro'zg'or buyumlari,234000,49,4.2,172,1595,5.0,25,2026-04-30,119300,114700,190283500,0.1078,Top sotilgan (Bestseller)
WB-100547,Bolalar futbolkasi Paxta,Bolalar tovarlari,75000,41,4.7,4,742,4.3,50,2025-09-11,44300,30700,32870600,0.0054,Kam sotilgan
WB-100548,Soch maskasi Keratin,Go'zallik va parvarish,235000,52,3.9,15,897,4.5,10,2026-05-09,112800,122200,101181600,0.0167,Kam sotilgan
WB-100549,Termos 1L zanglamas,Uy-ro'zg'or buyumlari,450000,53,4.4,101,1435,4.8,250,2025-10-09,211500,238500,303502500,0.0704,Top sotilgan (Bestseller)
WB-100550,Oshxona pichoqlar to'plami,Uy-ro'zg'or buyumlari,314000,5,4.0,217,1212,4.8,250,2026-04-24,298300,15700,361539600,0.179,O'rtacha sotilgan
WB-100551,Yuz kremi Namlantiruvchi,Go'zallik va parvarish,165000,55,4.6,72,1496,4.6,500,2026-06-09,74200,90800,111003200,0.0481,Top sotilgan (Bestseller)
WB-100552,Rivojlantiruvchi taxta Busyboard,Bolalar tovarlari,224000,40,4.5,364,2598,4.7,500,2026-03-14,134400,89600,349171200,0.1401,Top sotilgan (Bestseller)
WB-100553,Uy shippagi Soft,Kiyim va poyabzal,314000,35,4.0,15,682,4.8,25,2026-08-07,204100,109900,139196200,0.022,Kam sotilgan
WB-100554,Klassik kostyum-shim,Kiyim va poyabzal,516000,5,4.5,77,724,4.8,500,2026-02-26,490200,25800,354904800,0.1064,Kam sotilgan
WB-100555,Simsiz quloqchin TWS,Elektronika,963000,57,4.4,125,1771,4.5,250,2026-05-17,414100,548900,733371100,0.0706,Top sotilgan (Bestseller)
WB-100556,Charm kamar,Kiyim va poyabzal,327000,57,4.4,42,1080,4.7,100,2025-09-30,140600,186400,151848000,0.0389,O'rtacha sotilgan
WB-100557,Qo'l kremi Mini,Go'zallik va parvarish,65000,24,4.1,35,685,4.7,0,2026-07-26,49400,15600,33839000,0.0511,Kam sotilgan
WB-100558,Konstruktor Lego mos keluvchi,Bolalar tovarlari,91000,44,4.3,106,1324,4.3,25,2026-02-12,51000,40000,67524000,0.0801,O'rtacha sotilgan
WB-100559,Krossovka Sport Run,Kiyim va poyabzal,130000,46,4.5,134,1532,4.6,0,2025-11-17,70200,59800,107546400,0.0875,Top sotilgan (Bestseller)
WB-100560,Ring Light lampa,Elektronika,1329000,26,5.0,115,1351,4.5,500,2026-01-23,983500,345500,1328708500,0.0851,O'rtacha sotilgan
WB-100561,Erkaklar futbolkasi Basic,Kiyim va poyabzal,679000,36,4.6,78,991,5.0,500,2026-05-24,434600,244400,430688600,0.0787,O'rtacha sotilgan
WB-100562,Soch maskasi Keratin,Go'zallik va parvarish,204000,59,5.0,161,1840,4.6,50,2026-06-17,83600,120400,153824000,0.0875,Top sotilgan (Bestseller)
WB-100563,Plastilin to'plami,Bolalar tovarlari,73000,56,4.5,149,2099,4.3,100,2026-06-01,32100,40900,67377900,0.071,Top sotilgan (Bestseller)
WB-100564,Avtomobil ushlagichi,Elektronika,1097000,17,4.2,203,1572,4.3,50,2026-06-13,910500,186500,1431306000,0.1291,Top sotilgan (Bestseller)
WB-100565,Plastilin to'plami,Bolalar tovarlari,538000,50,4.8,124,1515,4.7,250,2025-11-28,269000,269000,407535000,0.0818,Top sotilgan (Bestseller)
WB-100566,Tish tozalovchi kukun,Go'zallik va parvarish,411000,24,4.9,221,1972,4.8,250,2026-03-09,312400,98600,616052800,0.1121,Top sotilgan (Bestseller)
WB-100567,Havo tozalagich diffuzor,Uy-ro'zg'or buyumlari,603000,43,3.9,116,1275,4.2,10,2025-11-18,343700,259300,438217500,0.091,O'rtacha sotilgan
WB-100568,Uy shippagi Soft,Kiyim va poyabzal,899000,24,4.5,97,1283,4.8,250,2025-11-11,683200,215800,876545600,0.0756,O'rtacha sotilgan
WB-100569,Shampun Sulfatsiz,Go'zallik va parvarish,169000,43,4.7,99,1352,4.6,500,2025-09-14,96300,72700,130197600,0.0732,O'rtacha sotilgan
WB-100570,Pampers to'plami XL,Bolalar tovarlari,380000,38,4.6,350,3206,4.5,0,2026-06-30,235600,144400,755333600,0.1092,Top sotilgan (Bestseller)
WB-100571,Sviter Casual,Kiyim va poyabzal,97000,51,4.8,245,2725,4.8,50,2026-05-08,47500,49500,129437500,0.0899,Top sotilgan (Bestseller)
WB-100572,Klassik kostyum-shim,Kiyim va poyabzal,358000,53,5.0,69,1258,4.4,500,2026-04-21,168300,189700,211721400,0.0548,O'rtacha sotilgan
WB-100573,Klassik kostyum-shim,Kiyim va poyabzal,697000,16,4.8,33,626,4.5,10,2026-03-29,585500,111500,366523000,0.0527,Kam sotilgan
WB-100574,Quyoshdan himoya kremi SPF50,Go'zallik va parvarish,363000,32,4.6,18,698,4.0,0,2026-02-11,246800,116200,172266400,0.0258,Kam sotilgan
WB-100575,Erkaklar futbolkasi Basic,Kiyim va poyabzal,410000,68,4.7,19,1225,4.5,500,2026-07-26,131200,278800,160720000,0.0155,O'rtacha sotilgan
WB-100576,Avtomobil ushlagichi,Elektronika,1582000,32,4.2,50,985,4.4,10,2026-08-15,1075800,506200,1059663000,0.0508,O'rtacha sotilgan
WB-100577,Masofadan boshqariladigan mashina,Bolalar tovarlari,483000,21,4.1,262,2293,4.7,25,2025-10-04,381600,101400,875008800,0.1143,Top sotilgan (Bestseller)
WB-100578,Yostiq Ortopedik,Uy-ro'zg'or buyumlari,405000,24,4.4,86,920,4.9,0,2025-09-05,307800,97200,283176000,0.0935,Kam sotilgan
WB-100579,USB Type-C kabel Tezkor,Elektronika,1330000,42,4.5,7,757,4.4,0,2026-07-21,771400,558600,583949800,0.0092,Kam sotilgan
WB-100580,Yuz kremi Namlantiruvchi,Go'zallik va parvarish,218000,61,4.4,541,4250,4.4,100,2026-06-22,85000,133000,361250000,0.1273,Top sotilgan (Bestseller)
WB-100581,Idish yuvish geli 1L,Uy-ro'zg'or buyumlari,514000,30,4.1,34,710,4.4,25,2026-04-11,359800,154200,255458000,0.0479,Kam sotilgan
WB-100582,Yumshoq ayiqcha Plush,Bolalar tovarlari,96000,27,4.6,29,660,4.4,100,2026-05-14,70100,25900,46266000,0.0439,Kam sotilgan
WB-100583,Qo'l kremi Mini,Go'zallik va parvarish,449000,21,3.7,157,1306,4.9,50,2026-08-21,354700,94300,463238200,0.1202,O'rtacha sotilgan
WB-100584,Quyoshdan himoya kremi SPF50,Go'zallik va parvarish,75000,38,4.9,164,1939,5.0,100,2026-03-19,46500,28500,90163500,0.0846,Top sotilgan (Bestseller)
WB-100585,Avtomobil ushlagichi,Elektronika,344000,5,5.0,43,557,4.5,100,2026-03-25,326800,17200,182027600,0.0772,Kam sotilgan
WB-100586,Bolalar kolyaskasi Yengil,Bolalar tovarlari,147000,34,4.5,95,1021,4.7,25,2026-06-07,97000,50000,99037000,0.093,O'rtacha sotilgan
WB-100587,Ring Light lampa,Elektronika,308000,48,4.9,172,1959,4.9,0,2026-07-07,160200,147800,313831800,0.0878,Top sotilgan (Bestseller)
WB-100588,Uy shippagi Soft,Kiyim va poyabzal,362000,56,4.6,70,1248,4.7,0,2026-06-10,159300,202700,198806400,0.0561,O'rtacha sotilgan
WB-100589,Smart soat Pro,Elektronika,1188000,67,4.9,93,1715,4.5,500,2026-04-22,392000,796000,672280000,0.0542,Top sotilgan (Bestseller)
WB-100590,Choyshablar to'plami Satina,Uy-ro'zg'or buyumlari,159000,61,4.6,33,1202,4.4,500,2026-05-22,62000,97000,74524000,0.0275,O'rtacha sotilgan
WB-100591,Erkaklar futbolkasi Basic,Kiyim va poyabzal,363000,36,4.6,90,1182,5.0,100,2025-11-16,232300,130700,274578600,0.0761,O'rtacha sotilgan
WB-100592,Yostiq Ortopedik,Uy-ro'zg'or buyumlari,251000,27,4.6,114,1130,4.6,50,2025-10-11,183200,67800,207016000,0.1009,O'rtacha sotilgan
WB-100593,Mexanik klaviatura RGB,Elektronika,1700000,38,4.4,32,881,4.9,100,2026-03-07,1054000,646000,928574000,0.0363,Kam sotilgan
WB-100594,Avtomobil ushlagichi,Elektronika,780000,19,4.5,31,683,5.0,250,2025-10-12,631800,148200,431519400,0.0454,Kam sotilgan
WB-100595,Organayzer javon,Uy-ro'zg'or buyumlari,439000,7,4.7,83,920,4.8,10,2025-12-25,408300,30700,375636000,0.0902,Kam sotilgan
WB-100596,Suv idishi Sport 750ml,Sport va dam olish,65000,49,3.7,116,1536,4.7,50,2026-01-08,33200,31800,50995200,0.0755,Top sotilgan (Bestseller)
WB-100597,Bluetooth karnay Mini,Elektronika,1529000,41,5.0,39,899,4.6,0,2026-03-12,902100,626900,810987900,0.0434,Kam sotilgan
WB-100598,Organayzer javon,Uy-ro'zg'or buyumlari,662000,39,4.9,194,2191,4.5,500,2026-08-19,403800,258200,884725800,0.0885,Top sotilgan (Bestseller)
WB-100599,Sakrash arqoni Metall simli,Sport va dam olish,168000,47,4.4,294,2020,4.4,0,2025-08-26,89000,79000,179780000,0.1455,Top sotilgan (Bestseller)
WB-100600,Bolalar futbolkasi Paxta,Bolalar tovarlari,468000,9,4.4,125,852,4.7,250,2026-04-06,425900,42100,362866800,0.1467,Kam sotilgan
WB-100601,Masofadan boshqariladigan mashina,Bolalar tovarlari,244000,46,5.0,143,1262,4.7,50,2025-08-26,131800,112200,166331600,0.1133,O'rtacha sotilgan
WB-100602,Bluetooth karnay Mini,Elektronika,409000,43,4.1,198,1671,4.5,0,2026-01-12,233100,175900,389510100,0.1185,Top sotilgan (Bestseller)
WB-100603,Yuz kremi Namlantiruvchi,Go'zallik va parvarish,108000,41,4.2,244,2163,4.6,250,2026-06-07,63700,44300,137783100,0.1128,Top sotilgan (Bestseller)
WB-100604,Paypoqlar to'plami (5 juft),Kiyim va poyabzal,174000,45,4.6,101,1196,4.5,10,2026-08-04,95700,78300,114457200,0.0844,O'rtacha sotilgan
WB-100605,Idish yuvish geli 1L,Uy-ro'zg'or buyumlari,212000,19,4.4,333,2586,4.6,25,2026-03-31,171700,40300,444016200,0.1288,Top sotilgan (Bestseller)
WB-100606,Sviter Casual,Kiyim va poyabzal,494000,18,5.0,258,1626,4.9,50,2026-01-30,405100,88900,658692600,0.1587,Top sotilgan (Bestseller)
WB-100607,Paypoqlar to'plami (5 juft),Kiyim va poyabzal,779000,45,4.5,140,1874,4.5,25,2026-01-28,428500,350500,803009000,0.0747,Top sotilgan (Bestseller)
WB-100608,Uy shippagi Soft,Kiyim va poyabzal,779000,17,4.2,48,655,4.7,25,2025-09-18,646600,132400,423523000,0.0733,Kam sotilgan
WB-100609,Ayollar ko'ylagi Vintage,Kiyim va poyabzal,750000,16,4.1,117,1126,4.6,0,2026-03-03,630000,120000,709380000,0.1039,O'rtacha sotilgan
WB-100610,Krossovka Sport Run,Kiyim va poyabzal,115000,36,4.4,113,1278,4.7,0,2026-01-19,73600,41400,94060800,0.0884,O'rtacha sotilgan
WB-100611,Qo'l kremi Mini,Go'zallik va parvarish,124000,17,4.2,1,438,4.1,100,2025-10-12,102900,21100,45070200,0.0023,Kam sotilgan
WB-100612,Oshxona tarozisi Elektron,Uy-ro'zg'or buyumlari,402000,28,4.4,1,536,4.3,100,2025-10-25,289400,112600,155118400,0.0019,Kam sotilgan
WB-100613,Ring Light lampa,Elektronika,845000,36,5.0,7,669,4.8,500,2026-02-21,540800,304200,361795200,0.0105,Kam sotilgan
WB-100614,Yostiq Ortopedik,Uy-ro'zg'or buyumlari,368000,25,4.3,421,2970,4.5,10,2026-05-08,276000,92000,819720000,0.1418,Top sotilgan (Bestseller)
WB-100615,Klassik kostyum-shim,Kiyim va poyabzal,234000,45,5.0,184,1701,4.3,50,2026-06-25,128700,105300,218918700,0.1082,Top sotilgan (Bestseller)
WB-100616,Tana skrabı Kofe,Go'zallik va parvarish,287000,27,4.6,72,1079,4.6,0,2026-07-15,209500,77500,226050500,0.0667,O'rtacha sotilgan
WB-100617,Yuz zardobi Hyaluron,Go'zallik va parvarish,217000,38,3.9,197,1654,4.9,0,2026-02-23,134500,82500,222463000,0.1191,Top sotilgan (Bestseller)
WB-100618,Lab bo'yog'i Matte,Go'zallik va parvarish,148000,41,4.9,174,1394,4.6,10,2025-12-12,87300,60700,121696200,0.1248,O'rtacha sotilgan
WB-100619,Avtomobil ushlagichi,Elektronika,503000,38,4.7,36,841,4.5,250,2025-10-17,311900,191100,262307900,0.0428,Kam sotilgan
WB-100620,Tana skrabı Kofe,Go'zallik va parvarish,369000,16,3.8,453,4043,4.3,0,2025-10-21,310000,59000,1253330000,0.112,Top sotilgan (Bestseller)
WB-100621,Termos 1L zanglamas,Uy-ro'zg'or buyumlari,413000,30,4.2,67,1034,4.4,100,2025-11-26,289100,123900,298929400,0.0648,O'rtacha sotilgan
WB-100622,Jinsi shim Slim Fit,Kiyim va poyabzal,107000,43,3.8,228,2519,4.5,0,2026-04-19,61000,46000,153659000,0.0905,Top sotilgan (Bestseller)
WB-100623,Uy shippagi Soft,Kiyim va poyabzal,729000,24,4.2,82,955,4.8,250,2026-04-26,554000,175000,529070000,0.0859,O'rtacha sotilgan
WB-100624,Mexanik klaviatura RGB,Elektronika,1178000,40,4.0,27,879,4.7,10,2026-01-25,706800,471200,621277200,0.0307,Kam sotilgan
WB-100625,Klassik kostyum-shim,Kiyim va poyabzal,287000,56,4.8,41,1153,4.7,100,2026-07-06,126300,160700,145623900,0.0356,O'rtacha sotilgan
WB-100626,Bluetooth karnay Mini,Elektronika,1464000,28,4.8,23,671,4.4,0,2026-01-19,1054100,409900,707301100,0.0343,Kam sotilgan
WB-100627,Parfyum Elixir 50ml,Go'zallik va parvarish,419000,39,4.6,4,725,4.8,25,2026-08-06,255600,163400,185310000,0.0055,Kam sotilgan
WB-100628,Lab bo'yog'i Matte,Go'zallik va parvarish,449000,35,3.9,292,1647,5.0,500,2026-03-16,291800,157200,480594600,0.1773,Top sotilgan (Bestseller)
WB-100629,Mikrofibra sochiqlar to'plami,Uy-ro'zg'or buyumlari,370000,9,4.5,19,443,5.0,50,2025-12-19,336700,33300,149158100,0.0429,Kam sotilgan
WB-100630,Oshxona tarozisi Elektron,Uy-ro'zg'or buyumlari,275000,59,4.8,67,1449,4.7,500,2026-06-03,112800,162200,163447200,0.0462,Top sotilgan (Bestseller)
WB-100631,Rivojlantiruvchi taxta Busyboard,Bolalar tovarlari,569000,62,4.5,215,2028,4.8,50,2026-08-10,216200,352800,438453600,0.106,Top sotilgan (Bestseller)
WB-100632,Erkaklar futbolkasi Basic,Kiyim va poyabzal,881000,56,5.0,48,1204,4.4,500,2026-03-10,387600,493400,466670400,0.0399,O'rtacha sotilgan
WB-100633,Avtomobil ushlagichi,Elektronika,745000,21,4.5,392,2977,4.7,250,2026-06-01,588600,156400,1752262200,0.1317,Top sotilgan (Bestseller)
WB-100634,Yuz kremi Namlantiruvchi,Go'zallik va parvarish,104000,69,4.9,40,1251,4.5,0,2026-02-26,32200,71800,40282200,0.032,O'rtacha sotilgan
WB-100635,Plastilin to'plami,Bolalar tovarlari,262000,42,4.5,65,1145,4.9,10,2025-10-27,152000,110000,174040000,0.0568,O'rtacha sotilgan
WB-100636,Bolalar futbolkasi Paxta,Bolalar tovarlari,133000,23,4.4,27,670,4.6,10,2026-04-07,102400,30600,68608000,0.0403,Kam sotilgan
WB-100637,Pampers to'plami XL,Bolalar tovarlari,228000,19,4.3,74,746,4.8,50,2026-02-15,184700,43300,137786200,0.0992,Kam sotilgan
WB-100638,Ring Light lampa,Elektronika,1496000,44,4.2,23,872,4.7,250,2025-11-23,837800,658200,730561600,0.0264,Kam sotilgan
WB-100639,Mikrofibra sochiqlar to'plami,Uy-ro'zg'or buyumlari,203000,43,4.3,118,1332,4.4,250,2025-12-11,115700,87300,154112400,0.0886,O'rtacha sotilgan
WB-100640,Oshxona pichoqlar to'plami,Uy-ro'zg'or buyumlari,747000,41,4.6,174,1575,4.7,100,2025-09-13,440700,306300,694102500,0.1105,Top sotilgan (Bestseller)
WB-100641,Oshxona tarozisi Elektron,Uy-ro'zg'or buyumlari,304000,34,3.8,60,856,5.0,25,2026-07-31,200600,103400,171713600,0.0701,Kam sotilgan
WB-100642,Sviter Casual,Kiyim va poyabzal,645000,31,4.1,76,967,5.0,100,2025-10-12,445000,200000,430315000,0.0786,O'rtacha sotilgan
WB-100643,Yostiq Ortopedik,Uy-ro'zg'or buyumlari,86000,36,4.0,19,740,4.7,250,2026-05-21,55000,31000,40700000,0.0257,Kam sotilgan
WB-100644,Pampers to'plami XL,Bolalar tovarlari,401000,28,3.8,59,828,4.6,500,2026-03-03,288700,112300,239043600,0.0713,Kam sotilgan
WB-100645,Telefon g'ilofi Silikon,Elektronika,424000,38,4.5,1,690,4.5,0,2026-07-28,262900,161100,181401000,0.0014,Kam sotilgan
WB-100646,Smart soat Pro,Elektronika,1483000,25,4.9,117,1430,4.8,10,2025-12-09,1112200,370800,1590446000,0.0818,O'rtacha sotilgan
WB-100647,Klassik kostyum-shim,Kiyim va poyabzal,71000,37,4.7,128,1286,4.5,10,2026-03-20,44700,26300,57484200,0.0995,O'rtacha sotilgan
WB-100648,Yoga mat 6mm,Sport va dam olish,475000,43,3.7,101,1196,4.7,250,2026-08-13,270800,204200,323876800,0.0844,O'rtacha sotilgan
WB-100649,Yostiq Ortopedik,Uy-ro'zg'or buyumlari,269000,14,4.0,45,689,4.6,100,2026-06-17,231300,37700,159365700,0.0653,Kam sotilgan
WB-100650,Choyshablar to'plami Satina,Uy-ro'zg'or buyumlari,453000,45,4.5,114,1617,5.0,500,2025-12-24,249200,203800,402956400,0.0705,Top sotilgan (Bestseller)
WB-100651,USB Type-C kabel Tezkor,Elektronika,427000,19,4.9,32,712,4.6,25,2025-10-29,345900,81100,246280800,0.0449,Kam sotilgan
WB-100652,Choyshablar to'plami Satina,Uy-ro'zg'or buyumlari,600000,11,4.8,166,1124,4.4,10,2026-05-25,534000,66000,600216000,0.1477,O'rtacha sotilgan
WB-100653,Sport sumkasi Suv o'tkazmaydigan,Sport va dam olish,411000,25,4.7,70,790,4.5,10,2025-09-17,308200,102800,243478000,0.0886,Kam sotilgan
WB-100654,Ayollar ko'ylagi Vintage,Kiyim va poyabzal,215000,9,4.3,27,466,4.7,10,2025-12-01,195600,19400,91149600,0.0579,Kam sotilgan
WB-100655,Qishki kurtka Oversize,Kiyim va poyabzal,573000,44,4.5,238,2124,4.5,50,2025-11-15,320900,252100,681591600,0.1121,Top sotilgan (Bestseller)
WB-100656,Qo'l kremi Mini,Go'zallik va parvarish,348000,46,3.9,2,788,4.3,25,2026-06-22,187900,160100,148065200,0.0025,Kam sotilgan
WB-100657,Uy shippagi Soft,Kiyim va poyabzal,494000,21,4.6,111,925,4.8,10,2025-11-27,390300,103700,361027500,0.12,Kam sotilgan
WB-100658,Havo tozalagich diffuzor,Uy-ro'zg'or buyumlari,384000,66,4.1,422,3163,4.6,100,2025-09-27,130600,253400,413087800,0.1334,Top sotilgan (Bestseller)
WB-100659,Termo ichki kiyim,Sport va dam olish,609000,48,5.0,377,3454,4.4,250,2026-04-29,316700,292300,1093881800,0.1091,Top sotilgan (Bestseller)
WB-100660,Uy shippagi Soft,Kiyim va poyabzal,885000,33,4.2,4,622,4.3,250,2026-07-28,592900,292100,368783800,0.0064,Kam sotilgan
WB-100661,Lab bo'yog'i Matte,Go'zallik va parvarish,133000,5,4.0,221,1059,4.2,50,2026-03-13,126400,6600,133857600,0.2087,O'rtacha sotilgan
WB-100662,Jinsi shim Slim Fit,Kiyim va poyabzal,840000,42,4.8,141,1516,4.5,100,2026-01-26,487200,352800,738595200,0.093,Top sotilgan (Bestseller)
WB-100663,Yoga mat 6mm,Sport va dam olish,294000,10,4.2,201,1293,5.0,250,2026-01-26,264600,29400,342127800,0.1555,O'rtacha sotilgan
WB-100664,Shampun Sulfatsiz,Go'zallik va parvarish,55000,28,4.1,127,1422,4.8,250,2025-10-29,39600,15400,56311200,0.0893,O'rtacha sotilgan
WB-100665,Suv idishi Sport 750ml,Sport va dam olish,386000,37,4.7,166,1887,5.0,500,2026-03-19,243200,142800,458918400,0.088,Top sotilgan (Bestseller)
WB-100666,Krossovka Sport Run,Kiyim va poyabzal,494000,41,4.6,7,753,4.9,500,2025-10-12,291500,202500,219499500,0.0093,Kam sotilgan
WB-100667,Taktik ryukzak 40L,Sport va dam olish,521000,44,4.6,188,1687,4.5,25,2026-04-27,291800,229200,492266600,0.1114,Top sotilgan (Bestseller)
WB-100668,Bluetooth karnay Mini,Elektronika,1253000,27,4.5,32,707,4.8,25,2026-02-07,914700,338300,646692900,0.0453,Kam sotilgan
WB-100669,Plastilin to'plami,Bolalar tovarlari,447000,41,4.4,110,1527,5.0,500,2025-12-27,263700,183300,402669900,0.072,Top sotilgan (Bestseller)
WB-100670,Oshxona tarozisi Elektron,Uy-ro'zg'or buyumlari,401000,34,4.5,121,1561,4.9,500,2025-09-14,264700,136300,413196700,0.0775,Top sotilgan (Bestseller)
WB-100671,Termos 1L zanglamas,Uy-ro'zg'or buyumlari,467000,18,4.8,10,554,4.4,250,2026-08-15,382900,84100,212126600,0.0181,Kam sotilgan
WB-100672,Telefon g'ilofi Silikon,Elektronika,1305000,55,4.0,184,2130,4.7,0,2026-01-23,587200,717800,1250736000,0.0864,Top sotilgan (Bestseller)
WB-100673,Suv idishi Sport 750ml,Sport va dam olish,143000,27,4.6,130,1161,5.0,250,2026-08-15,104400,38600,121208400,0.112,O'rtacha sotilgan
WB-100674,Yostiq Ortopedik,Uy-ro'zg'or buyumlari,699000,28,4.8,39,815,4.1,250,2025-10-24,503300,195700,410189500,0.0479,Kam sotilgan
WB-100675,Soch maskasi Keratin,Go'zallik va parvarish,63000,24,3.8,322,2704,4.4,50,2026-03-05,47900,15100,129521600,0.1191,Top sotilgan (Bestseller)
WB-100676,Termo ichki kiyim,Sport va dam olish,533000,36,4.7,11,710,4.0,250,2025-10-20,341100,191900,242181000,0.0155,Kam sotilgan
WB-100677,Mexanik klaviatura RGB,Elektronika,1072000,40,4.5,92,1400,4.6,25,2026-08-04,643200,428800,900480000,0.0657,O'rtacha sotilgan
WB-100678,Idish yuvish geli 1L,Uy-ro'zg'or buyumlari,190000,20,4.8,74,824,4.4,50,2026-08-05,152000,38000,125248000,0.0898,Kam sotilgan
WB-100679,Erkaklar futbolkasi Basic,Kiyim va poyabzal,593000,18,5.0,15,579,4.3,500,2025-12-10,486300,106700,281567700,0.0259,Kam sotilgan
WB-100680,Bluetooth karnay Mini,Elektronika,343000,28,3.8,326,2005,4.0,500,2025-11-21,247000,96000,495235000,0.1626,Top sotilgan (Bestseller)
WB-100681,Powerbank 20000mAh,Elektronika,1785000,22,4.4,135,1565,4.4,100,2026-01-13,1392300,392700,2178949500,0.0863,Top sotilgan (Bestseller)
WB-100682,Choyshablar to'plami Satina,Uy-ro'zg'or buyumlari,314000,52,4.9,104,1629,4.3,50,2026-07-23,150700,163300,245490300,0.0638,Top sotilgan (Bestseller)
WB-100683,Organayzer javon,Uy-ro'zg'or buyumlari,676000,41,5.0,26,883,5.0,0,2026-08-04,398800,277200,352140400,0.0294,Kam sotilgan
WB-100684,Mexanik klaviatura RGB,Elektronika,1249000,37,4.6,52,980,4.6,100,2026-07-20,786900,462100,771162000,0.0531,O'rtacha sotilgan
WB-100685,Uy shippagi Soft,Kiyim va poyabzal,278000,46,4.7,43,1071,5.0,500,2026-08-11,150100,127900,160757100,0.0401,O'rtacha sotilgan
WB-100686,Charm kamar,Kiyim va poyabzal,830000,27,4.3,127,1206,4.7,50,2026-07-16,605900,224100,730715400,0.1053,O'rtacha sotilgan
WB-100687,Paypoqlar to'plami (5 juft),Kiyim va poyabzal,939000,12,4.6,11,379,5.0,250,2026-04-01,826300,112700,313167700,0.029,Kam sotilgan
WB-100688,Avtomobil ushlagichi,Elektronika,398000,36,4.4,97,1240,4.3,100,2026-06-17,254700,143300,315828000,0.0782,O'rtacha sotilgan
WB-100689,Termos 1L zanglamas,Uy-ro'zg'or buyumlari,725000,42,4.4,109,1165,4.4,0,2025-09-11,420500,304500,489882500,0.0936,O'rtacha sotilgan
WB-100690,Sviter Casual,Kiyim va poyabzal,289000,35,4.4,15,730,4.6,250,2025-08-22,187800,101200,137094000,0.0205,Kam sotilgan
WB-100691,Velosiped chirog'i LED,Sport va dam olish,442000,16,4.7,142,1279,4.6,100,2026-05-10,371300,70700,474892700,0.111,O'rtacha sotilgan
WB-100692,Bolalar kolyaskasi Yengil,Bolalar tovarlari,65000,53,5.0,29,979,4.5,25,2025-10-26,30600,34400,29957400,0.0296,O'rtacha sotilgan
WB-100693,Parfyum Elixir 50ml,Go'zallik va parvarish,187000,47,4.3,10,804,4.8,100,2025-12-04,99100,87900,79676400,0.0124,Kam sotilgan
WB-100694,Sport sumkasi Suv o'tkazmaydigan,Sport va dam olish,476000,15,4.3,85,769,4.4,500,2026-04-01,404600,71400,311137400,0.1105,Kam sotilgan
WB-100695,Qishki kurtka Oversize,Kiyim va poyabzal,171000,49,4.8,8,869,4.8,25,2025-11-04,87200,83800,75776800,0.0092,Kam sotilgan
WB-100696,Uy shippagi Soft,Kiyim va poyabzal,932000,41,5.0,183,1443,4.5,100,2026-04-29,549900,382100,793505700,0.1268,Top sotilgan (Bestseller)
WB-100697,Parfyum Elixir 50ml,Go'zallik va parvarish,259000,10,4.0,22,486,4.7,250,2026-08-04,233100,25900,113286600,0.0453,Kam sotilgan
WB-100698,Qo'l kremi Mini,Go'zallik va parvarish,228000,36,4.5,86,1036,4.8,250,2026-01-05,145900,82100,151152400,0.083,O'rtacha sotilgan
WB-100699,Sport sumkasi Suv o'tkazmaydigan,Sport va dam olish,454000,20,4.7,69,813,4.6,50,2026-05-15,363200,90800,295281600,0.0849,Kam sotilgan
WB-100700,Rivojlantiruvchi taxta Busyboard,Bolalar tovarlari,398000,45,4.7,176,2058,4.5,10,2025-10-08,218900,179100,450496200,0.0855,Top sotilgan (Bestseller)
WB-100701,Choyshablar to'plami Satina,Uy-ro'zg'or buyumlari,699000,35,4.5,355,2983,4.5,50,2026-05-12,454400,244600,1355475200,0.119,Top sotilgan (Bestseller)
WB-100702,Shampun Sulfatsiz,Go'zallik va parvarish,197000,10,4.0,164,1421,4.2,10,2026-07-26,177300,19700,251943300,0.1154,O'rtacha sotilgan
WB-100703,Pampers to'plami XL,Bolalar tovarlari,425000,50,4.6,22,1006,4.1,10,2025-09-29,212500,212500,213775000,0.0219,O'rtacha sotilgan
WB-100704,Simsiz quloqchin TWS,Elektronika,807000,24,4.7,14,632,4.9,500,2025-10-21,613300,193700,387605600,0.0222,Kam sotilgan
WB-100705,Simsiz quloqchin TWS,Elektronika,1349000,25,4.4,43,833,4.2,0,2026-04-16,1011800,337200,842829400,0.0516,Kam sotilgan
WB-100706,Erkaklar futbolkasi Basic,Kiyim va poyabzal,608000,28,4.8,0,585,4.8,0,2026-03-30,437800,170200,256113000,0.0,Kam sotilgan
WB-100707,Lab bo'yog'i Matte,Go'zallik va parvarish,200000,36,4.5,176,1457,4.6,25,2026-03-29,128000,72000,186496000,0.1208,Top sotilgan (Bestseller)
WB-100708,Simsiz sichqoncha,Elektronika,1209000,27,4.6,164,1159,4.3,0,2025-11-27,882600,326400,1022933400,0.1415,O'rtacha sotilgan
WB-100709,Bluetooth karnay Mini,Elektronika,1630000,40,4.7,78,1222,4.9,100,2026-05-02,978000,652000,1195116000,0.0638,O'rtacha sotilgan
WB-100710,Mexanik klaviatura RGB,Elektronika,943000,60,4.2,59,1176,4.6,10,2026-02-14,377200,565800,443587200,0.0502,O'rtacha sotilgan
WB-100711,Klassik kostyum-shim,Kiyim va poyabzal,442000,33,4.5,78,1016,4.7,100,2025-11-08,296100,145900,300837600,0.0768,O'rtacha sotilgan
WB-100712,Smart soat Pro,Elektronika,1566000,46,4.5,206,1677,4.2,250,2026-05-06,845600,720400,1418071200,0.1228,Top sotilgan (Bestseller)
WB-100713,Chizmachilik to'plami 100+ dona,Bolalar tovarlari,172000,37,4.6,557,4931,4.8,0,2025-09-17,108400,63600,534520400,0.113,Top sotilgan (Bestseller)
WB-100714,Termos 1L zanglamas,Uy-ro'zg'or buyumlari,190000,30,4.6,66,854,4.8,25,2026-08-21,133000,57000,113582000,0.0773,Kam sotilgan
WB-100715,Erkaklar futbolkasi Basic,Kiyim va poyabzal,60000,27,4.2,40,715,4.4,25,2026-04-30,43800,16200,31317000,0.0559,Kam sotilgan
WB-100716,Erkaklar futbolkasi Basic,Kiyim va poyabzal,668000,36,4.3,53,1031,4.3,100,2026-02-28,427500,240500,440752500,0.0514,O'rtacha sotilgan
WB-100717,Shampun Sulfatsiz,Go'zallik va parvarish,402000,51,4.9,15,974,4.4,10,2025-11-28,197000,205000,191878000,0.0154,O'rtacha sotilgan
WB-100718,Sviter Casual,Kiyim va poyabzal,611000,29,4.9,171,1609,4.7,50,2026-05-30,433800,177200,697984200,0.1063,Top sotilgan (Bestseller)
WB-100719,Choyshablar to'plami Satina,Uy-ro'zg'or buyumlari,732000,47,4.3,151,1952,4.7,100,2025-09-02,388000,344000,757376000,0.0774,Top sotilgan (Bestseller)
WB-100720,Velosiped chirog'i LED,Sport va dam olish,68000,10,4.2,142,1284,4.8,500,2026-05-11,61200,6800,78580800,0.1106,O'rtacha sotilgan
WB-100721,Bokal to'plami (6 dona),Uy-ro'zg'or buyumlari,435000,19,4.8,27,540,4.5,0,2026-05-11,352400,82600,190296000,0.05,Kam sotilgan
WB-100722,Parfyum Elixir 50ml,Go'zallik va parvarish,387000,31,4.8,15,665,4.6,250,2025-11-05,267000,120000,177555000,0.0226,Kam sotilgan
WB-100723,Erkaklar futbolkasi Basic,Kiyim va poyabzal,632000,35,5.0,91,973,4.9,25,2026-02-04,410800,221200,399708400,0.0935,O'rtacha sotilgan
WB-100724,Lab bo'yog'i Matte,Go'zallik va parvarish,199000,24,4.3,7,566,4.4,25,2025-11-20,151200,47800,85579200,0.0124,Kam sotilgan
WB-100725,Idish yuvish geli 1L,Uy-ro'zg'or buyumlari,107000,34,4.2,127,1550,4.4,500,2026-04-05,70600,36400,109430000,0.0819,Top sotilgan (Bestseller)
WB-100726,Qo'l kremi Mini,Go'zallik va parvarish,91000,37,5.0,55,1120,4.7,10,2025-11-20,57300,33700,64176000,0.0491,O'rtacha sotilgan
WB-100727,Organayzer javon,Uy-ro'zg'or buyumlari,45000,39,4.7,60,1087,4.6,10,2026-04-11,27400,17600,29783800,0.0552,O'rtacha sotilgan
WB-100728,Sviter Casual,Kiyim va poyabzal,182000,35,4.4,12,711,4.6,500,2026-07-17,118300,63700,84111300,0.0169,Kam sotilgan
WB-100729,Organayzer javon,Uy-ro'zg'or buyumlari,133000,33,4.5,407,3830,4.9,25,2026-08-19,89100,43900,341253000,0.1063,Top sotilgan (Bestseller)
WB-100730,Oshxona tarozisi Elektron,Uy-ro'zg'or buyumlari,617000,28,4.9,33,775,4.9,0,2025-09-13,444200,172800,344255000,0.0426,Kam sotilgan
WB-100731,Qo'l kremi Mini,Go'zallik va parvarish,85000,37,4.5,66,940,4.5,250,2026-03-06,53600,31400,50384000,0.0702,O'rtacha sotilgan
WB-100732,Suv idishi Sport 750ml,Sport va dam olish,143000,40,4.6,374,2616,4.5,0,2025-09-13,85800,57200,224452800,0.143,Top sotilgan (Bestseller)
WB-100733,Tish tozalovchi kukun,Go'zallik va parvarish,102000,6,4.8,139,1181,5.0,25,2026-05-04,95900,6100,113257900,0.1177,O'rtacha sotilgan
WB-100734,Yumshoq ayiqcha Plush,Bolalar tovarlari,483000,61,3.8,180,1695,4.8,500,2026-04-23,188400,294600,319338000,0.1062,Top sotilgan (Bestseller)
WB-100735,USB Type-C kabel Tezkor,Elektronika,329000,31,4.7,175,1477,4.6,50,2026-06-26,227000,102000,335279000,0.1185,Top sotilgan (Bestseller)
WB-100736,Bolalar kolyaskasi Yengil,Bolalar tovarlari,258000,17,4.4,81,909,4.7,250,2026-03-25,214100,43900,194616900,0.0891,Kam sotilgan
WB-100737,Bolalar kolyaskasi Yengil,Bolalar tovarlari,435000,35,4.5,612,2792,4.4,0,2025-09-21,282800,152200,789577600,0.2192,Top sotilgan (Bestseller)
WB-100738,Chizmachilik to'plami 100+ dona,Bolalar tovarlari,209000,53,5.0,428,4144,5.0,0,2025-10-31,98200,110800,406940800,0.1033,Top sotilgan (Bestseller)
WB-100739,Erkaklar futbolkasi Basic,Kiyim va poyabzal,680000,30,4.6,13,646,4.6,10,2025-09-06,476000,204000,307496000,0.0201,Kam sotilgan
WB-100740,Erkaklar futbolkasi Basic,Kiyim va poyabzal,567000,38,4.3,24,841,4.2,25,2026-04-19,351500,215500,295611500,0.0285,Kam sotilgan
WB-100741,Mikrofibra sochiqlar to'plami,Uy-ro'zg'or buyumlari,236000,52,5.0,3,891,4.6,500,2026-03-26,113300,122700,100950300,0.0034,Kam sotilgan
WB-100742,Parfyum Elixir 50ml,Go'zallik va parvarish,416000,11,4.5,66,663,4.5,10,2025-12-08,370200,45800,245442600,0.0995,Kam sotilgan
WB-100743,Avtomobil ushlagichi,Elektronika,1121000,55,4.8,77,1381,4.7,0,2026-02-28,504400,616600,696576400,0.0558,O'rtacha sotilgan
WB-100744,Ayollar ko'ylagi Vintage,Kiyim va poyabzal,383000,37,4.2,32,808,4.7,0,2026-01-27,241300,141700,194970400,0.0396,Kam sotilgan
WB-100745,Sport sumkasi Suv o'tkazmaydigan,Sport va dam olish,204000,54,4.4,99,1589,4.7,25,2025-08-26,93800,110200,149048200,0.0623,Top sotilgan (Bestseller)
WB-100746,Shaker Protein,Sport va dam olish,159000,35,3.9,437,3554,4.7,250,2026-05-06,103400,55600,367483600,0.123,Top sotilgan (Bestseller)
WB-100747,Paypoqlar to'plami (5 juft),Kiyim va poyabzal,769000,5,4.6,4,307,4.5,250,2025-10-08,730600,38400,224294200,0.013,Kam sotilgan
WB-100748,Krossovka Sport Run,Kiyim va poyabzal,744000,55,5.0,87,1472,4.1,25,2026-04-08,334800,409200,492825600,0.0591,Top sotilgan (Bestseller)
WB-100749,Mexanik klaviatura RGB,Elektronika,149000,29,4.0,32,774,4.2,100,2026-07-09,105800,43200,81889200,0.0413,Kam sotilgan
WB-100750,Qishki kurtka Oversize,Kiyim va poyabzal,547000,60,4.4,10,967,5.0,10,2025-09-25,218800,328200,211579600,0.0103,O'rtacha sotilgan
WB-100751,Krossovka Sport Run,Kiyim va poyabzal,692000,5,4.8,460,3449,4.8,0,2026-06-09,657400,34600,2267372600,0.1334,Top sotilgan (Bestseller)
WB-100752,Mexanik klaviatura RGB,Elektronika,1554000,41,4.4,54,1130,4.5,250,2026-03-21,916900,637100,1036097000,0.0478,O'rtacha sotilgan
WB-100753,Konstruktor Lego mos keluvchi,Bolalar tovarlari,389000,19,4.0,33,714,4.6,25,2026-03-02,315100,73900,224981400,0.0462,Kam sotilgan
WB-100754,Uy shippagi Soft,Kiyim va poyabzal,838000,28,4.2,75,1001,4.5,10,2025-10-16,603400,234600,604003400,0.0749,O'rtacha sotilgan
WB-100755,Termos 1L zanglamas,Uy-ro'zg'or buyumlari,319000,47,4.6,111,1292,4.5,50,2025-09-10,169100,149900,218477200,0.0859,O'rtacha sotilgan
WB-100756,Jinsi shim Slim Fit,Kiyim va poyabzal,345000,54,4.6,57,1308,4.8,50,2025-12-09,158700,186300,207579600,0.0436,O'rtacha sotilgan
WB-100757,Termo ichki kiyim,Sport va dam olish,205000,30,4.4,8,619,5.0,500,2026-03-24,143500,61500,88826500,0.0129,Kam sotilgan
WB-100758,Simsiz quloqchin TWS,Elektronika,239000,46,4.3,167,1469,4.8,50,2026-05-23,129100,109900,189647900,0.1137,Top sotilgan (Bestseller)
WB-100759,Havo tozalagich diffuzor,Uy-ro'zg'or buyumlari,687000,9,4.2,98,1073,5.0,100,2026-07-03,625200,61800,670839600,0.0913,O'rtacha sotilgan
WB-100760,Bolalar butilkasi Anti-kolik,Bolalar tovarlari,53000,62,4.0,83,1370,4.2,25,2026-05-15,20100,32900,27537000,0.0606,O'rtacha sotilgan
WB-100761,Gantellar to'plami 2x5kg,Sport va dam olish,427000,22,4.1,4,517,5.0,500,2025-11-15,333100,93900,172212700,0.0077,Kam sotilgan
WB-100762,Jinsi shim Slim Fit,Kiyim va poyabzal,925000,32,4.5,201,1350,4.4,500,2025-10-24,629000,296000,849150000,0.1489,O'rtacha sotilgan
WB-100763,Qo'l kremi Mini,Go'zallik va parvarish,174000,42,4.2,438,2936,4.5,25,2025-11-20,100900,73100,296242400,0.1492,Top sotilgan (Bestseller)
WB-100764,USB Type-C kabel Tezkor,Elektronika,1534000,28,4.2,39,834,4.4,0,2025-10-14,1104500,429500,921153000,0.0468,Kam sotilgan
WB-100765,Yoga mat 6mm,Sport va dam olish,343000,35,3.7,12,679,4.6,25,2026-03-25,223000,120000,151417000,0.0177,Kam sotilgan
WB-100766,Shampun Sulfatsiz,Go'zallik va parvarish,217000,27,4.5,411,3651,4.8,250,2026-03-12,158400,58600,578318400,0.1126,Top sotilgan (Bestseller)
WB-100767,Qishki kurtka Oversize,Kiyim va poyabzal,494000,28,4.2,279,2671,4.6,50,2025-09-07,355700,138300,950074700,0.1045,Top sotilgan (Bestseller)
WB-100768,Avtomobil ushlagichi,Elektronika,1490000,24,4.3,383,3564,5.0,10,2026-07-03,1132400,357600,4035873600,0.1075,Top sotilgan (Bestseller)
WB-100769,Masofadan boshqariladigan mashina,Bolalar tovarlari,283000,48,4.4,156,1626,4.7,10,2025-10-11,147200,135800,239347200,0.0959,Top sotilgan (Bestseller)
WB-100770,Paypoqlar to'plami (5 juft),Kiyim va poyabzal,758000,46,4.1,36,994,4.5,0,2025-09-04,409300,348700,406844200,0.0362,O'rtacha sotilgan
WB-100771,Yuz kremi Namlantiruvchi,Go'zallik va parvarish,288000,5,4.2,101,637,3.9,250,2026-07-11,273600,14400,174283200,0.1586,Kam sotilgan
WB-100772,Termos 1L zanglamas,Uy-ro'zg'or buyumlari,244000,24,4.4,181,1791,4.2,25,2025-10-03,185400,58600,332051400,0.1011,Top sotilgan (Bestseller)
WB-100773,Tish tozalovchi kukun,Go'zallik va parvarish,393000,61,5.0,15,1043,4.8,0,2026-05-02,153300,239700,159891900,0.0144,O'rtacha sotilgan
WB-100774,Ayollar ko'ylagi Vintage,Kiyim va poyabzal,497000,40,4.5,383,2174,4.4,25,2026-07-12,298200,198800,648286800,0.1762,Top sotilgan (Bestseller)
WB-100775,Erkaklar futbolkasi Basic,Kiyim va poyabzal,864000,23,4.1,231,1410,4.8,100,2026-06-25,665300,198700,938073000,0.1638,O'rtacha sotilgan
WB-100776,Oshxona pichoqlar to'plami,Uy-ro'zg'or buyumlari,169000,38,4.5,86,1052,4.5,10,2025-09-06,104800,64200,110249600,0.0817,O'rtacha sotilgan
WB-100777,Yostiq Ortopedik,Uy-ro'zg'or buyumlari,223000,5,4.6,51,589,5.0,50,2026-04-02,211800,11200,124750200,0.0866,Kam sotilgan
WB-100778,Krossovka Sport Run,Kiyim va poyabzal,236000,48,4.0,392,2346,4.3,10,2025-12-05,122700,113300,287854200,0.1671,Top sotilgan (Bestseller)
WB-100779,Plastilin to'plami,Bolalar tovarlari,376000,33,4.8,13,711,4.8,250,2025-09-23,251900,124100,179100900,0.0183,Kam sotilgan
WB-100780,Velosiped chirog'i LED,Sport va dam olish,398000,27,5.0,124,1543,4.6,10,2026-02-03,290500,107500,448241500,0.0804,Top sotilgan (Bestseller)
WB-100781,Jinsi shim Slim Fit,Kiyim va poyabzal,645000,16,4.9,15,529,4.6,50,2026-06-08,541800,103200,286612200,0.0284,Kam sotilgan
WB-100782,Qo'l kremi Mini,Go'zallik va parvarish,146000,37,4.7,98,1375,4.4,250,2025-09-29,92000,54000,126500000,0.0713,O'rtacha sotilgan
WB-100783,Bokal to'plami (6 dona),Uy-ro'zg'or buyumlari,259000,30,4.7,194,1733,4.6,0,2026-04-10,181300,77700,314192900,0.1119,Top sotilgan (Bestseller)
WB-100784,Ring Light lampa,Elektronika,117000,61,4.6,102,1314,4.6,50,2025-09-09,45600,71400,59918400,0.0776,O'rtacha sotilgan
WB-100785,Erkaklar futbolkasi Basic,Kiyim va poyabzal,122000,57,4.9,154,1659,4.3,100,2026-01-29,52500,69500,87097500,0.0928,Top sotilgan (Bestseller)
WB-100786,Simsiz sichqoncha,Elektronika,929000,14,3.9,222,2099,4.7,500,2025-08-27,798900,130100,1676891100,0.1058,Top sotilgan (Bestseller)
WB-100787,Plastilin to'plami,Bolalar tovarlari,171000,55,4.8,200,2334,4.6,250,2025-09-17,76900,94100,179484600,0.0857,Top sotilgan (Bestseller)
WB-100788,Qishki kurtka Oversize,Kiyim va poyabzal,127000,25,4.9,200,1494,4.7,50,2025-10-22,95200,31800,142228800,0.1339,Top sotilgan (Bestseller)
WB-100789,Bokal to'plami (6 dona),Uy-ro'zg'or buyumlari,489000,26,4.1,33,696,4.6,500,2026-04-26,361900,127100,251882400,0.0474,Kam sotilgan
WB-100790,Smart soat Pro,Elektronika,687000,40,4.3,125,1618,4.5,50,2025-09-21,412200,274800,666939600,0.0773,Top sotilgan (Bestseller)
WB-100791,Qo'l kremi Mini,Go'zallik va parvarish,105000,43,4.6,107,1399,4.3,25,2026-08-19,59900,45100,83800100,0.0765,O'rtacha sotilgan
WB-100792,Lab bo'yog'i Matte,Go'zallik va parvarish,118000,8,5.0,242,1754,4.4,25,2026-03-26,108600,9400,190484400,0.138,Top sotilgan (Bestseller)
WB-100793,Yumshoq ayiqcha Plush,Bolalar tovarlari,127000,52,4.1,33,1088,4.7,250,2026-05-20,61000,66000,66368000,0.0303,O'rtacha sotilgan
WB-100794,Yoga mat 6mm,Sport va dam olish,256000,38,4.8,67,1015,4.7,0,2026-07-20,158700,97300,161080500,0.066,O'rtacha sotilgan
WB-100795,Jinsi shim Slim Fit,Kiyim va poyabzal,418000,19,4.3,81,879,4.3,0,2025-12-12,338600,79400,297629400,0.0922,Kam sotilgan
WB-100796,Yuz zardobi Hyaluron,Go'zallik va parvarish,53000,43,4.6,116,1522,4.7,250,2026-08-11,30200,22800,45964400,0.0762,Top sotilgan (Bestseller)
WB-100797,Havo tozalagich diffuzor,Uy-ro'zg'or buyumlari,489000,31,4.2,0,613,4.4,250,2026-01-25,337400,151600,206826200,0.0,Kam sotilgan
WB-100798,Ayollar ko'ylagi Vintage,Kiyim va poyabzal,208000,26,4.8,393,3103,4.6,25,2025-09-30,153900,54100,477551700,0.1267,Top sotilgan (Bestseller)
WB-100799,Klassik kostyum-shim,Kiyim va poyabzal,923000,19,4.3,34,596,4.3,25,2025-12-16,747600,175400,445569600,0.057,Kam sotilgan
WB-100800,Ayollar ko'ylagi Vintage,Kiyim va poyabzal,149000,39,4.2,80,1063,4.5,25,2026-02-24,90900,58100,96626700,0.0753,O'rtacha sotilgan
WB-100801,Bluetooth karnay Mini,Elektronika,1613000,39,3.8,278,2411,4.8,250,2026-07-15,983900,629100,2372182900,0.1153,Top sotilgan (Bestseller)
WB-100802,Chizmachilik to'plami 100+ dona,Bolalar tovarlari,243000,54,4.6,142,1656,4.7,50,2026-07-15,111800,131200,185140800,0.0857,Top sotilgan (Bestseller)
WB-100803,Quyoshdan himoya kremi SPF50,Go'zallik va parvarish,407000,5,4.8,89,701,4.1,50,2026-06-19,386600,20400,271006600,0.127,Kam sotilgan
WB-100804,Simsiz quloqchin TWS,Elektronika,1077000,26,4.5,15,591,4.4,25,2026-01-16,797000,280000,471027000,0.0254,Kam sotilgan
WB-100805,Gantellar to'plami 2x5kg,Sport va dam olish,294000,57,5.0,117,1687,4.8,500,2026-01-19,126400,167600,213236800,0.0694,Top sotilgan (Bestseller)
WB-100806,Ring Light lampa,Elektronika,292000,33,4.5,52,1013,4.6,25,2026-05-06,195600,96400,198142800,0.0513,O'rtacha sotilgan
WB-100807,Ayollar ko'ylagi Vintage,Kiyim va poyabzal,695000,50,4.9,67,1356,4.7,25,2025-12-27,347500,347500,471210000,0.0494,O'rtacha sotilgan
WB-100808,Smart soat Pro,Elektronika,1616000,52,4.3,22,991,4.3,10,2026-08-06,775700,840300,768718700,0.0222,O'rtacha sotilgan
WB-100809,Telefon g'ilofi Silikon,Elektronika,598000,51,4.7,118,1523,5.0,50,2025-10-10,293000,305000,446239000,0.0775,Top sotilgan (Bestseller)
WB-100810,Bluetooth karnay Mini,Elektronika,886000,20,4.7,63,659,4.4,50,2025-10-06,708800,177200,467099200,0.0956,Kam sotilgan
WB-100811,Telefon g'ilofi Silikon,Elektronika,1078000,20,4.8,276,2574,4.8,10,2026-03-16,862400,215600,2219817600,0.1072,Top sotilgan (Bestseller)
WB-100812,Choyshablar to'plami Satina,Uy-ro'zg'or buyumlari,361000,39,4.5,212,2055,4.7,25,2026-06-07,220200,140800,452511000,0.1032,Top sotilgan (Bestseller)
WB-100813,Paypoqlar to'plami (5 juft),Kiyim va poyabzal,660000,34,4.4,27,744,4.3,10,2026-08-02,435600,224400,324086400,0.0363,Kam sotilgan
WB-100814,Yuz kremi Namlantiruvchi,Go'zallik va parvarish,367000,27,4.3,8,597,4.4,10,2025-12-04,267900,99100,159936300,0.0134,Kam sotilgan
WB-100815,Qo'l kremi Mini,Go'zallik va parvarish,49000,46,4.7,486,4298,4.3,500,2026-07-01,26500,22500,113897000,0.1131,Top sotilgan (Bestseller)
WB-100816,Qo'l kremi Mini,Go'zallik va parvarish,87000,43,4.5,163,1462,4.6,10,2026-04-22,49600,37400,72515200,0.1115,Top sotilgan (Bestseller)
WB-100817,Paypoqlar to'plami (5 juft),Kiyim va poyabzal,499000,27,4.2,143,1093,4.7,0,2026-01-14,364300,134700,398179900,0.1308,O'rtacha sotilgan
WB-100818,Qishki kurtka Oversize,Kiyim va poyabzal,90000,22,4.1,70,1002,4.7,250,2026-04-13,70200,19800,70340400,0.0699,O'rtacha sotilgan
WB-100819,Avtomobil ushlagichi,Elektronika,443000,49,4.3,86,1195,4.9,100,2026-02-11,225900,217100,269950500,0.072,O'rtacha sotilgan
WB-100820,Qishki kurtka Oversize,Kiyim va poyabzal,882000,61,4.8,79,1582,4.5,250,2026-05-08,344000,538000,544208000,0.0499,Top sotilgan (Bestseller)
WB-100821,Klassik kostyum-shim,Kiyim va poyabzal,584000,17,4.3,212,1264,4.7,10,2025-10-10,484700,99300,612660800,0.1677,O'rtacha sotilgan
WB-100822,Havo tozalagich diffuzor,Uy-ro'zg'or buyumlari,577000,62,4.4,158,1701,4.5,50,2026-03-25,219300,357700,373029300,0.0929,Top sotilgan (Bestseller)
WB-100823,Simsiz quloqchin TWS,Elektronika,1536000,57,4.8,111,1750,4.5,250,2026-04-09,660500,875500,1155875000,0.0634,Top sotilgan (Bestseller)
WB-100824,Yuz zardobi Hyaluron,Go'zallik va parvarish,108000,12,4.5,30,556,4.7,500,2025-11-28,95000,13000,52820000,0.054,Kam sotilgan
WB-100825,Yoga mat 6mm,Sport va dam olish,164000,46,3.8,53,1029,4.6,10,2026-08-06,88600,75400,91169400,0.0515,O'rtacha sotilgan
WB-100826,Soch maskasi Keratin,Go'zallik va parvarish,106000,42,5.0,83,1209,4.3,500,2025-09-25,61500,44500,74353500,0.0687,O'rtacha sotilgan
WB-100827,Masofadan boshqariladigan mashina,Bolalar tovarlari,88000,37,4.2,15,715,4.5,10,2026-01-17,55400,32600,39611000,0.021,Kam sotilgan
WB-100828,Oshxona pichoqlar to'plami,Uy-ro'zg'or buyumlari,658000,41,4.7,91,1120,4.6,25,2026-03-14,388200,269800,434784000,0.0813,O'rtacha sotilgan
WB-100829,Masofadan boshqariladigan mashina,Bolalar tovarlari,306000,45,4.4,3,779,4.8,500,2025-09-21,168300,137700,131105700,0.0039,Kam sotilgan
WB-100830,Mikrofibra sochiqlar to'plami,Uy-ro'zg'or buyumlari,200000,67,4.9,281,2923,4.5,0,2026-03-23,66000,134000,192918000,0.0961,Top sotilgan (Bestseller)
WB-100831,Sviter Casual,Kiyim va poyabzal,486000,51,4.9,13,935,4.8,50,2026-01-24,238100,247900,222623500,0.0139,O'rtacha sotilgan
WB-100832,Erkaklar futbolkasi Basic,Kiyim va poyabzal,83000,36,4.3,112,1235,4.6,50,2025-09-17,53100,29900,65578500,0.0907,O'rtacha sotilgan
WB-100833,Uy shippagi Soft,Kiyim va poyabzal,549000,40,4.6,114,1565,4.8,0,2025-12-21,329400,219600,515511000,0.0728,Top sotilgan (Bestseller)
WB-100834,Sviter Casual,Kiyim va poyabzal,566000,37,4.5,152,1771,4.7,10,2026-01-13,356600,209400,631538600,0.0858,Top sotilgan (Bestseller)
WB-100835,Termos 1L zanglamas,Uy-ro'zg'or buyumlari,749000,45,4.8,128,1650,4.9,10,2026-05-02,412000,337000,679800000,0.0776,Top sotilgan (Bestseller)
WB-100836,Bolalar kolyaskasi Yengil,Bolalar tovarlari,291000,30,4.8,96,1314,5.0,25,2026-08-14,203700,87300,267661800,0.0731,O'rtacha sotilgan
WB-100837,Mexanik klaviatura RGB,Elektronika,1293000,26,4.3,27,659,4.6,250,2026-06-01,956800,336200,630531200,0.041,Kam sotilgan
WB-100838,Chizmachilik to'plami 100+ dona,Bolalar tovarlari,65000,36,4.9,173,2063,4.7,25,2026-01-11,41600,23400,85820800,0.0839,Top sotilgan (Bestseller)
WB-100839,Fitnes rezinkalar to'plami,Sport va dam olish,210000,21,4.2,238,1728,4.6,10,2026-07-25,165900,44100,286675200,0.1377,Top sotilgan (Bestseller)
WB-100840,Avtomobil ushlagichi,Elektronika,1392000,65,4.2,168,1847,4.4,500,2026-06-20,487200,904800,899858400,0.091,Top sotilgan (Bestseller)
WB-100841,Idish yuvish geli 1L,Uy-ro'zg'or buyumlari,343000,13,4.7,159,1006,4.8,250,2026-08-04,298400,44600,300190400,0.1581,O'rtacha sotilgan
WB-100842,Qo'l kremi Mini,Go'zallik va parvarish,268000,18,4.3,21,546,4.0,10,2025-08-29,219800,48200,120010800,0.0385,Kam sotilgan
WB-100843,Telefon g'ilofi Silikon,Elektronika,1011000,29,4.9,4,611,4.8,250,2026-06-29,717800,293200,438575800,0.0065,Kam sotilgan
WB-100844,Organayzer javon,Uy-ro'zg'or buyumlari,640000,32,4.5,1,599,4.9,100,2025-12-11,435200,204800,260684800,0.0017,Kam sotilgan
WB-100845,Paypoqlar to'plami (5 juft),Kiyim va poyabzal,551000,50,4.4,35,1071,4.9,10,2026-07-10,275500,275500,295060500,0.0327,O'rtacha sotilgan
WB-100846,Termos 1L zanglamas,Uy-ro'zg'or buyumlari,112000,57,4.6,236,2390,4.7,0,2026-08-22,48200,63800,115198000,0.0987,Top sotilgan (Bestseller)
WB-100847,Klassik kostyum-shim,Kiyim va poyabzal,541000,45,4.6,13,855,4.7,10,2026-02-04,297600,243400,254448000,0.0152,Kam sotilgan
WB-100848,Oshxona pichoqlar to'plami,Uy-ro'zg'or buyumlari,492000,40,4.4,47,1026,4.8,250,2026-03-01,295200,196800,302875200,0.0458,O'rtacha sotilgan
WB-100849,Lab bo'yog'i Matte,Go'zallik va parvarish,182000,32,4.7,107,1051,4.8,250,2026-05-09,123800,58200,130113800,0.1018,O'rtacha sotilgan
WB-100850,Termo ichki kiyim,Sport va dam olish,547000,58,4.6,57,1392,4.6,10,2026-06-07,229700,317300,319742400,0.0409,O'rtacha sotilgan
WB-100851,Qo'l kremi Mini,Go'zallik va parvarish,254000,57,5.0,192,2117,4.3,25,2026-01-06,109200,144800,231176400,0.0907,Top sotilgan (Bestseller)
WB-100852,Sakrash arqoni Metall simli,Sport va dam olish,188000,36,4.2,73,1162,4.7,250,2026-03-19,120300,67700,139788600,0.0628,O'rtacha sotilgan
WB-100853,Tana skrabı Kofe,Go'zallik va parvarish,303000,22,4.3,65,884,4.5,100,2025-12-25,236300,66700,208889200,0.0735,Kam sotilgan
WB-100854,Lab bo'yog'i Matte,Go'zallik va parvarish,282000,38,4.2,15,742,4.6,50,2026-07-11,174800,107200,129701600,0.0202,Kam sotilgan
WB-100855,Charm kamar,Kiyim va poyabzal,74000,43,4.7,97,1499,4.5,0,2026-03-30,42200,31800,63257800,0.0647,Top sotilgan (Bestseller)
WB-100856,Sviter Casual,Kiyim va poyabzal,832000,63,4.1,52,1216,4.5,0,2026-02-10,307800,524200,374284800,0.0428,O'rtacha sotilgan
WB-100857,Tish tozalovchi kukun,Go'zallik va parvarish,71000,33,4.4,304,3009,4.4,250,2026-04-02,47600,23400,143228400,0.101,Top sotilgan (Bestseller)
WB-100858,Krossovka Sport Run,Kiyim va poyabzal,704000,11,4.2,85,732,4.6,250,2026-07-20,626600,77400,458671200,0.1161,Kam sotilgan
WB-100859,Paypoqlar to'plami (5 juft),Kiyim va poyabzal,309000,36,4.2,81,926,4.6,100,2026-03-28,197800,111200,183162800,0.0875,Kam sotilgan
WB-100860,Yostiq Ortopedik,Uy-ro'zg'or buyumlari,60000,64,4.3,157,1836,5.0,25,2025-10-11,21600,38400,39657600,0.0855,Top sotilgan (Bestseller)
WB-100861,Simsiz sichqoncha,Elektronika,835000,44,4.3,299,3127,4.0,250,2026-01-11,467600,367400,1462185200,0.0956,Top sotilgan (Bestseller)
WB-100862,Chizmachilik to'plami 100+ dona,Bolalar tovarlari,60000,66,4.0,93,1699,4.6,0,2026-02-27,20400,39600,34659600,0.0547,Top sotilgan (Bestseller)
WB-100863,Soch maskasi Keratin,Go'zallik va parvarish,246000,41,4.2,13,808,4.4,50,2026-05-01,145100,100900,117240800,0.0161,Kam sotilgan
WB-100864,Yoga mat 6mm,Sport va dam olish,631000,43,4.0,30,851,4.8,50,2026-07-10,359700,271300,306104700,0.0353,Kam sotilgan
WB-100865,Klassik kostyum-shim,Kiyim va poyabzal,854000,41,4.5,146,1584,4.9,500,2026-07-08,503900,350100,798177600,0.0922,Top sotilgan (Bestseller)
WB-100866,Krossovka Sport Run,Kiyim va poyabzal,582000,42,4.3,26,859,4.6,50,2026-01-13,337600,244400,289998400,0.0303,Kam sotilgan
WB-100867,Sviter Casual,Kiyim va poyabzal,823000,34,4.5,8,689,4.8,50,2026-08-09,543200,279800,374264800,0.0116,Kam sotilgan
WB-100868,Tana skrabı Kofe,Go'zallik va parvarish,231000,29,4.3,42,754,4.9,500,2026-07-10,164000,67000,123656000,0.0557,Kam sotilgan
WB-100869,Shampun Sulfatsiz,Go'zallik va parvarish,118000,66,4.3,173,1931,4.7,50,2025-10-20,40100,77900,77433100,0.0896,Top sotilgan (Bestseller)
WB-100870,Havo tozalagich diffuzor,Uy-ro'zg'or buyumlari,532000,27,3.9,79,1072,4.6,10,2025-09-05,388400,143600,416364800,0.0737,O'rtacha sotilgan
WB-100871,Plastilin to'plami,Bolalar tovarlari,79000,36,4.2,45,867,4.7,0,2026-01-06,50600,28400,43870200,0.0519,Kam sotilgan
WB-100872,Yuz kremi Namlantiruvchi,Go'zallik va parvarish,156000,18,4.7,21,512,4.2,100,2026-06-30,127900,28100,65484800,0.041,Kam sotilgan
WB-100873,Erkaklar futbolkasi Basic,Kiyim va poyabzal,774000,54,4.8,291,2885,4.5,100,2025-12-07,356000,418000,1027060000,0.1009,Top sotilgan (Bestseller)
WB-100874,Sviter Casual,Kiyim va poyabzal,412000,32,4.2,21,689,4.8,10,2025-08-28,280200,131800,193057800,0.0305,Kam sotilgan
WB-100875,Yoga mat 6mm,Sport va dam olish,346000,36,4.4,39,778,4.3,0,2026-01-08,221400,124600,172249200,0.0501,Kam sotilgan
WB-100876,Mexanik klaviatura RGB,Elektronika,1011000,34,4.2,10,658,4.2,50,2025-09-01,667300,343700,439083400,0.0152,Kam sotilgan
WB-100877,Lab bo'yog'i Matte,Go'zallik va parvarish,66000,22,4.3,213,2059,4.3,250,2025-09-02,51500,14500,106038500,0.1034,Top sotilgan (Bestseller)
WB-100878,Paypoqlar to'plami (5 juft),Kiyim va poyabzal,480000,33,4.6,408,3044,4.7,100,2026-05-08,321600,158400,978950400,0.134,Top sotilgan (Bestseller)
WB-100879,Qo'l kremi Mini,Go'zallik va parvarish,429000,36,3.9,72,1111,4.7,50,2026-02-27,274600,154400,305080600,0.0648,O'rtacha sotilgan
WB-100880,Powerbank 20000mAh,Elektronika,1473000,41,4.5,22,869,4.6,10,2026-03-16,869100,603900,755247900,0.0253,Kam sotilgan
WB-100881,Idish yuvish geli 1L,Uy-ro'zg'or buyumlari,578000,51,4.6,63,1279,4.5,250,2026-06-07,283200,294800,362212800,0.0493,O'rtacha sotilgan
WB-100882,Telefon g'ilofi Silikon,Elektronika,1379000,40,4.1,45,969,5.0,100,2026-06-02,827400,551600,801750600,0.0464,O'rtacha sotilgan
WB-100883,Ayollar ko'ylagi Vintage,Kiyim va poyabzal,439000,41,4.6,1,741,4.7,500,2025-10-19,259000,180000,191919000,0.0013,Kam sotilgan
WB-100884,Sviter Casual,Kiyim va poyabzal,494000,34,4.1,61,901,4.7,250,2026-01-07,326000,168000,293726000,0.0677,Kam sotilgan
WB-100885,Powerbank 20000mAh,Elektronika,323000,24,4.5,114,1268,4.6,50,2025-12-07,245500,77500,311294000,0.0899,O'rtacha sotilgan
WB-100886,Yostiq Ortopedik,Uy-ro'zg'or buyumlari,148000,31,4.1,45,717,4.7,0,2026-01-28,102100,45900,73205700,0.0628,Kam sotilgan
WB-100887,Charm kamar,Kiyim va poyabzal,355000,50,4.6,20,922,4.5,250,2025-08-29,177500,177500,163655000,0.0217,Kam sotilgan
WB-100888,Plastilin to'plami,Bolalar tovarlari,369000,27,5.0,61,829,4.5,0,2026-06-21,269400,99600,223332600,0.0736,Kam sotilgan
WB-100889,USB Type-C kabel Tezkor,Elektronika,1049000,47,4.8,124,1418,4.4,100,2026-01-10,556000,493000,788408000,0.0874,O'rtacha sotilgan
WB-100890,Soch maskasi Keratin,Go'zallik va parvarish,114000,45,4.5,29,984,4.5,50,2025-08-22,62700,51300,61696800,0.0295,O'rtacha sotilgan
WB-100891,Sviter Casual,Kiyim va poyabzal,778000,19,4.7,43,764,4.8,500,2026-03-07,630200,147800,481472800,0.0563,Kam sotilgan
WB-100892,Bolalar butilkasi Anti-kolik,Bolalar tovarlari,340000,56,4.0,373,3790,4.3,500,2026-04-02,149600,190400,566984000,0.0984,Top sotilgan (Bestseller)
WB-100893,Oshxona pichoqlar to'plami,Uy-ro'zg'or buyumlari,432000,22,4.6,3,484,4.7,250,2026-03-27,337000,95000,163108000,0.0062,Kam sotilgan
WB-100894,Sport sumkasi Suv o'tkazmaydigan,Sport va dam olish,273000,45,5.0,1,793,4.6,25,2026-02-06,150200,122800,119108600,0.0013,Kam sotilgan
WB-100895,Simsiz quloqchin TWS,Elektronika,1124000,46,4.6,78,1069,4.4,250,2025-09-20,607000,517000,648883000,0.073,O'rtacha sotilgan
WB-100896,Bolalar futbolkasi Paxta,Bolalar tovarlari,598000,23,4.2,76,1059,4.1,0,2026-02-27,460500,137500,487669500,0.0718,O'rtacha sotilgan
WB-100897,Krossovka Sport Run,Kiyim va poyabzal,835000,45,4.8,224,1617,4.5,0,2026-05-27,459300,375700,742688100,0.1385,Top sotilgan (Bestseller)
WB-100898,Mikrofibra sochiqlar to'plami,Uy-ro'zg'or buyumlari,378000,19,3.8,273,1625,4.6,25,2026-05-13,306200,71800,497575000,0.168,Top sotilgan (Bestseller)
WB-100899,Simsiz quloqchin TWS,Elektronika,192000,43,4.1,156,1319,4.7,10,2026-08-09,109400,82600,144298600,0.1183,O'rtacha sotilgan
WB-100900,Mikrofibra sochiqlar to'plami,Uy-ro'zg'or buyumlari,254000,28,4.4,75,1146,4.9,0,2025-10-20,182900,71100,209603400,0.0654,O'rtacha sotilgan
WB-100901,Klassik kostyum-shim,Kiyim va poyabzal,586000,60,4.4,186,1773,4.7,250,2025-12-26,234400,351600,415591200,0.1049,Top sotilgan (Bestseller)
WB-100902,Sport sumkasi Suv o'tkazmaydigan,Sport va dam olish,496000,34,4.2,57,894,4.9,50,2025-12-15,327400,168600,292695600,0.0638,Kam sotilgan
WB-100903,Qishki kurtka Oversize,Kiyim va poyabzal,291000,28,4.6,52,840,4.3,500,2026-07-11,209500,81500,175980000,0.0619,Kam sotilgan
WB-100904,Taktik ryukzak 40L,Sport va dam olish,275000,24,4.4,145,1261,4.2,10,2026-02-13,209000,66000,263549000,0.115,O'rtacha sotilgan
WB-100905,Rivojlantiruvchi taxta Busyboard,Bolalar tovarlari,95000,36,4.2,75,945,4.8,10,2026-04-22,60800,34200,57456000,0.0794,O'rtacha sotilgan
WB-100906,Mexanik klaviatura RGB,Elektronika,1212000,45,4.3,13,838,4.5,50,2026-02-09,666600,545400,558610800,0.0155,Kam sotilgan
WB-100907,Klassik kostyum-shim,Kiyim va poyabzal,333000,25,4.5,2,519,4.7,50,2026-03-14,249800,83200,129646200,0.0039,Kam sotilgan
WB-100908,Idish yuvish geli 1L,Uy-ro'zg'or buyumlari,273000,29,4.2,423,3720,4.1,100,2025-10-16,193800,79200,720936000,0.1137,Top sotilgan (Bestseller)
WB-100909,Termo ichki kiyim,Sport va dam olish,402000,39,4.7,42,957,4.3,100,2025-11-01,245200,156800,234656400,0.0439,O'rtacha sotilgan
WB-100910,Yoga mat 6mm,Sport va dam olish,229000,37,3.9,73,971,4.6,10,2026-01-23,144300,84700,140115300,0.0752,O'rtacha sotilgan
WB-100911,Plastilin to'plami,Bolalar tovarlari,95000,35,5.0,224,1813,4.6,50,2026-05-30,61800,33200,112043400,0.1236,Top sotilgan (Bestseller)
WB-100912,Termo ichki kiyim,Sport va dam olish,547000,28,3.9,12,591,4.5,500,2026-02-05,393800,153200,232735800,0.0203,Kam sotilgan
WB-100913,Bokal to'plami (6 dona),Uy-ro'zg'or buyumlari,460000,21,4.4,132,1557,4.7,10,2025-12-20,363400,96600,565813800,0.0848,Top sotilgan (Bestseller)
WB-100914,Masofadan boshqariladigan mashina,Bolalar tovarlari,378000,30,4.6,31,788,4.7,0,2026-02-11,264600,113400,208504800,0.0393,Kam sotilgan
WB-100915,Qishki kurtka Oversize,Kiyim va poyabzal,404000,36,4.4,381,2730,4.9,500,2025-10-15,258600,145400,705978000,0.1396,Top sotilgan (Bestseller)
WB-100916,Oshxona pichoqlar to'plami,Uy-ro'zg'or buyumlari,502000,12,4.9,21,445,4.6,0,2026-04-27,441800,60200,196601000,0.0472,Kam sotilgan
WB-100917,Simsiz quloqchin TWS,Elektronika,601000,33,5.0,111,1416,4.7,50,2026-08-21,402700,198300,570223200,0.0784,O'rtacha sotilgan
WB-100918,Powerbank 20000mAh,Elektronika,1767000,20,4.4,134,1001,5.0,100,2026-01-01,1413600,353400,1415013600,0.1339,O'rtacha sotilgan
WB-100919,Oshxona tarozisi Elektron,Uy-ro'zg'or buyumlari,343000,30,4.5,242,1963,4.7,25,2025-12-29,240100,102900,471316300,0.1233,Top sotilgan (Bestseller)
WB-100920,Mikrofibra sochiqlar to'plami,Uy-ro'zg'or buyumlari,421000,41,4.8,2,726,4.3,25,2025-09-09,248400,172600,180338400,0.0028,Kam sotilgan
WB-100921,Sviter Casual,Kiyim va poyabzal,144000,31,4.0,67,929,4.5,10,2026-05-17,99400,44600,92342600,0.0721,O'rtacha sotilgan
WB-100922,Simsiz quloqchin TWS,Elektronika,332000,56,4.4,256,2242,4.6,250,2026-01-23,146100,185900,327556200,0.1142,Top sotilgan (Bestseller)
WB-100923,Velosiped chirog'i LED,Sport va dam olish,480000,34,4.4,292,2931,4.3,25,2026-07-03,316800,163200,928540800,0.0996,Top sotilgan (Bestseller)
WB-100924,Erkaklar futbolkasi Basic,Kiyim va poyabzal,393000,9,4.6,68,811,4.4,250,2025-09-14,357600,35400,290013600,0.0838,Kam sotilgan
WB-100925,Organayzer javon,Uy-ro'zg'or buyumlari,34000,41,5.0,128,1313,4.7,250,2026-01-31,20100,13900,26391300,0.0975,O'rtacha sotilgan
WB-100926,Termos 1L zanglamas,Uy-ro'zg'or buyumlari,76000,29,4.5,210,1876,4.4,50,2026-04-22,54000,22000,101304000,0.1119,Top sotilgan (Bestseller)
WB-100927,Bluetooth karnay Mini,Elektronika,1495000,52,5.0,82,1366,4.8,50,2025-09-07,717600,777400,980241600,0.06,O'rtacha sotilgan
WB-100928,Charm kamar,Kiyim va poyabzal,560000,29,4.7,502,3172,4.8,250,2026-04-18,397600,162400,1261187200,0.1583,Top sotilgan (Bestseller)
WB-100929,Klassik kostyum-shim,Kiyim va poyabzal,563000,12,4.8,167,1181,3.8,50,2026-05-24,495400,67600,585067400,0.1414,O'rtacha sotilgan
WB-100930,Yumshoq ayiqcha Plush,Bolalar tovarlari,265000,36,4.7,40,971,3.9,50,2026-05-30,169600,95400,164681600,0.0412,O'rtacha sotilgan
WB-100931,Ring Light lampa,Elektronika,560000,37,4.0,130,1491,4.3,100,2026-05-23,352800,207200,526024800,0.0872,Top sotilgan (Bestseller)
WB-100932,Simsiz sichqoncha,Elektronika,572000,42,4.4,247,2076,4.6,500,2026-04-16,331800,240200,688816800,0.119,Top sotilgan (Bestseller)
WB-100933,Paypoqlar to'plami (5 juft),Kiyim va poyabzal,641000,50,4.4,121,1604,4.9,0,2026-06-24,320500,320500,514082000,0.0754,Top sotilgan (Bestseller)
WB-100934,Paypoqlar to'plami (5 juft),Kiyim va poyabzal,282000,19,4.3,11,504,4.1,250,2026-03-09,228400,53600,115113600,0.0218,Kam sotilgan
WB-100935,Chizmachilik to'plami 100+ dona,Bolalar tovarlari,299000,33,4.2,76,1127,4.7,0,2025-09-06,200300,98700,225738100,0.0674,O'rtacha sotilgan
WB-100936,Paypoqlar to'plami (5 juft),Kiyim va poyabzal,455000,35,4.7,74,1143,4.1,500,2025-11-11,295800,159200,338099400,0.0647,O'rtacha sotilgan
WB-100937,Erkaklar futbolkasi Basic,Kiyim va poyabzal,667000,19,4.7,76,874,4.0,250,2026-05-24,540300,126700,472222200,0.087,Kam sotilgan
WB-100938,Quyoshdan himoya kremi SPF50,Go'zallik va parvarish,329000,8,4.7,7,399,4.2,0,2026-02-24,302700,26300,120777300,0.0175,Kam sotilgan
WB-100939,Soch maskasi Keratin,Go'zallik va parvarish,207000,40,4.6,36,973,4.5,10,2026-02-25,124200,82800,120846600,0.037,O'rtacha sotilgan
WB-100940,Suv idishi Sport 750ml,Sport va dam olish,168000,52,4.8,9,918,4.6,25,2026-02-13,80600,87400,73990800,0.0098,Kam sotilgan
WB-100941,Organayzer javon,Uy-ro'zg'or buyumlari,439000,13,4.2,19,468,4.8,25,2026-08-22,381900,57100,178729200,0.0406,Kam sotilgan
WB-100942,Qishki kurtka Oversize,Kiyim va poyabzal,483000,23,4.6,163,1600,4.8,50,2025-12-31,371900,111100,595040000,0.1019,Top sotilgan (Bestseller)
WB-100943,Qishki kurtka Oversize,Kiyim va poyabzal,192000,49,4.5,85,1425,4.6,10,2026-02-14,97900,94100,139507500,0.0596,O'rtacha sotilgan
WB-100944,Quyoshdan himoya kremi SPF50,Go'zallik va parvarish,184000,46,4.2,22,918,5.0,0,2026-07-30,99400,84600,91249200,0.024,Kam sotilgan
WB-100945,Telefon g'ilofi Silikon,Elektronika,338000,16,4.1,15,445,4.6,250,2025-08-28,283900,54100,126335500,0.0337,Kam sotilgan
WB-100946,Choyshablar to'plami Satina,Uy-ro'zg'or buyumlari,677000,34,4.2,4,674,4.5,25,2026-06-01,446800,230200,301143200,0.0059,Kam sotilgan
WB-100947,Shampun Sulfatsiz,Go'zallik va parvarish,437000,53,4.7,34,1030,4.2,250,2025-12-25,205400,231600,211562000,0.033,O'rtacha sotilgan
WB-100948,Paypoqlar to'plami (5 juft),Kiyim va poyabzal,297000,30,5.0,158,1824,4.5,25,2025-09-22,207900,89100,379209600,0.0866,Top sotilgan (Bestseller)
WB-100949,Oshxona tarozisi Elektron,Uy-ro'zg'or buyumlari,364000,9,4.4,46,629,4.7,0,2026-04-22,331200,32800,208324800,0.0731,Kam sotilgan
WB-100950,Charm kamar,Kiyim va poyabzal,327000,50,4.5,282,2703,4.7,100,2026-07-13,163500,163500,441940500,0.1043,Top sotilgan (Bestseller)
WB-100951,Uy shippagi Soft,Kiyim va poyabzal,595000,25,4.5,84,1034,4.5,500,2026-05-21,446200,148800,461370800,0.0812,O'rtacha sotilgan
WB-100952,Parfyum Elixir 50ml,Go'zallik va parvarish,291000,54,4.9,24,997,4.4,50,2025-11-13,133900,157100,133498300,0.0241,O'rtacha sotilgan
WB-100953,Oshxona pichoqlar to'plami,Uy-ro'zg'or buyumlari,696000,14,4.7,92,809,4.2,10,2026-01-26,598600,97400,484267400,0.1137,Kam sotilgan
WB-100954,Shampun Sulfatsiz,Go'zallik va parvarish,316000,44,4.4,133,1420,4.8,10,2025-11-10,177000,139000,251340000,0.0937,O'rtacha sotilgan
WB-100955,Suv idishi Sport 750ml,Sport va dam olish,439000,41,3.9,37,944,4.7,25,2026-02-27,259000,180000,244496000,0.0392,O'rtacha sotilgan
WB-100956,Bluetooth karnay Mini,Elektronika,853000,21,4.7,64,890,5.0,25,2026-07-18,673900,179100,599771000,0.0719,Kam sotilgan
WB-100957,Mikrofibra sochiqlar to'plami,Uy-ro'zg'or buyumlari,619000,41,5.0,35,1016,4.6,50,2026-02-04,365200,253800,371043200,0.0344,O'rtacha sotilgan
WB-100958,Idish yuvish geli 1L,Uy-ro'zg'or buyumlari,392000,39,4.4,33,826,4.7,50,2025-09-14,239100,152900,197496600,0.04,Kam sotilgan
WB-100959,Suv idishi Sport 750ml,Sport va dam olish,192000,54,4.5,7,890,4.9,50,2026-01-14,88300,103700,78587000,0.0079,Kam sotilgan
WB-100960,Havo tozalagich diffuzor,Uy-ro'zg'or buyumlari,734000,31,3.9,248,2081,4.5,50,2025-12-25,506500,227500,1054026500,0.1192,Top sotilgan (Bestseller)
WB-100961,Choyshablar to'plami Satina,Uy-ro'zg'or buyumlari,412000,34,4.6,177,1322,4.2,25,2026-02-22,271900,140100,359451800,0.1339,O'rtacha sotilgan
WB-100962,Chizmachilik to'plami 100+ dona,Bolalar tovarlari,223000,36,4.8,26,877,4.9,0,2025-11-01,142700,80300,125147900,0.0296,Kam sotilgan
WB-100963,Simsiz sichqoncha,Elektronika,1453000,37,4.4,548,3448,4.3,100,2026-02-05,915400,537600,3156299200,0.1589,Top sotilgan (Bestseller)
WB-100964,Shampun Sulfatsiz,Go'zallik va parvarish,337000,5,4.1,182,1358,4.1,0,2026-06-11,320200,16800,434831600,0.134,O'rtacha sotilgan
WB-100965,Yoga mat 6mm,Sport va dam olish,508000,24,4.6,72,1057,4.2,0,2025-11-23,386100,121900,408107700,0.0681,O'rtacha sotilgan
WB-100966,Qo'l kremi Mini,Go'zallik va parvarish,403000,24,4.7,117,1158,4.6,10,2026-01-01,306300,96700,354695400,0.101,O'rtacha sotilgan
WB-100967,Choyshablar to'plami Satina,Uy-ro'zg'or buyumlari,360000,21,4.0,102,1011,4.3,10,2025-11-26,284400,75600,287528400,0.1009,O'rtacha sotilgan
WB-100968,Erkaklar futbolkasi Basic,Kiyim va poyabzal,535000,38,4.5,16,803,4.8,10,2026-07-24,331700,203300,266355100,0.0199,Kam sotilgan
WB-100969,USB Type-C kabel Tezkor,Elektronika,481000,57,4.2,3,933,4.6,50,2025-09-04,206800,274200,192944400,0.0032,O'rtacha sotilgan
WB-100970,Bokal to'plami (6 dona),Uy-ro'zg'or buyumlari,65000,25,4.6,176,1654,5.0,100,2026-06-14,48800,16200,80715200,0.1064,Top sotilgan (Bestseller)
WB-100971,Oshxona pichoqlar to'plami,Uy-ro'zg'or buyumlari,707000,34,4.2,644,4085,4.7,100,2026-02-22,466600,240400,1906061000,0.1576,Top sotilgan (Bestseller)
WB-100972,Fitnes rezinkalar to'plami,Sport va dam olish,44000,39,4.2,233,1909,4.4,50,2026-07-21,26800,17200,51161200,0.1221,Top sotilgan (Bestseller)
WB-100973,Uy shippagi Soft,Kiyim va poyabzal,494000,73,4.6,156,2323,4.7,10,2026-06-07,133400,360600,309888200,0.0672,Top sotilgan (Bestseller)
WB-100974,Charm kamar,Kiyim va poyabzal,738000,60,4.7,241,2503,4.8,10,2026-03-24,295200,442800,738885600,0.0963,Top sotilgan (Bestseller)
WB-100975,Gantellar to'plami 2x5kg,Sport va dam olish,263000,58,4.2,3,911,4.7,500,2026-01-04,110500,152500,100665500,0.0033,Kam sotilgan
WB-100976,Erkaklar futbolkasi Basic,Kiyim va poyabzal,851000,64,4.5,293,2073,4.8,100,2025-11-16,306400,544600,635167200,0.1413,Top sotilgan (Bestseller)
WB-100977,Yumshoq ayiqcha Plush,Bolalar tovarlari,278000,71,4.5,74,1512,4.4,500,2026-06-26,80600,197400,121867200,0.0489,Top sotilgan (Bestseller)
WB-100978,Parfyum Elixir 50ml,Go'zallik va parvarish,79000,27,4.2,114,1275,4.7,500,2026-06-10,57700,21300,73567500,0.0894,O'rtacha sotilgan
WB-100979,Krossovka Sport Run,Kiyim va poyabzal,261000,40,4.6,62,1189,4.7,10,2026-07-25,156600,104400,186197400,0.0521,O'rtacha sotilgan
WB-100980,Tish tozalovchi kukun,Go'zallik va parvarish,246000,7,4.2,171,975,4.8,100,2025-09-08,228800,17200,223080000,0.1754,O'rtacha sotilgan
WB-100981,Yuz zardobi Hyaluron,Go'zallik va parvarish,441000,56,4.5,216,1886,4.6,50,2026-04-26,194000,247000,365884000,0.1145,Top sotilgan (Bestseller)
WB-100982,Masofadan boshqariladigan mashina,Bolalar tovarlari,270000,51,4.5,36,1038,4.2,100,2026-02-10,132300,137700,137327400,0.0347,O'rtacha sotilgan
WB-100983,Simsiz sichqoncha,Elektronika,1408000,28,4.5,232,2172,5.0,50,2026-07-16,1013800,394200,2201973600,0.1068,Top sotilgan (Bestseller)
WB-100984,Charm kamar,Kiyim va poyabzal,799000,52,4.9,16,926,4.7,0,2026-05-07,383500,415500,355121000,0.0173,Kam sotilgan
WB-100985,Pampers to'plami XL,Bolalar tovarlari,153000,40,4.3,2,699,4.9,10,2026-06-06,91800,61200,64168200,0.0029,Kam sotilgan
WB-100986,Bolalar butilkasi Anti-kolik,Bolalar tovarlari,344000,17,3.4,21,466,4.3,500,2026-07-04,285500,58500,133043000,0.0451,Kam sotilgan
WB-100987,Choyshablar to'plami Satina,Uy-ro'zg'or buyumlari,708000,12,4.1,39,678,4.5,100,2026-03-25,623000,85000,422394000,0.0575,Kam sotilgan
WB-100988,Qishki kurtka Oversize,Kiyim va poyabzal,60000,34,4.9,44,952,4.2,0,2026-03-20,39600,20400,37699200,0.0462,O'rtacha sotilgan
WB-100989,Jinsi shim Slim Fit,Kiyim va poyabzal,408000,43,4.8,107,1243,4.7,25,2025-11-01,232600,175400,289121800,0.0861,O'rtacha sotilgan
WB-100990,Yostiq Ortopedik,Uy-ro'zg'or buyumlari,178000,42,4.7,47,1017,4.6,500,2026-07-09,103200,74800,104954400,0.0462,O'rtacha sotilgan
WB-100991,Smart soat Pro,Elektronika,1011000,28,4.4,254,2305,4.1,0,2026-03-05,727900,283100,1677809500,0.1102,Top sotilgan (Bestseller)
WB-100992,Qo'l kremi Mini,Go'zallik va parvarish,274000,51,4.1,189,2134,4.7,250,2026-06-26,134300,139700,286596200,0.0886,Top sotilgan (Bestseller)
WB-100993,Charm kamar,Kiyim va poyabzal,805000,50,4.4,121,1714,5.0,25,2025-12-28,402500,402500,689885000,0.0706,Top sotilgan (Bestseller)
WB-100994,Organayzer javon,Uy-ro'zg'or buyumlari,738000,41,4.6,196,1599,4.6,250,2026-01-05,435400,302600,696204600,0.1226,Top sotilgan (Bestseller)
WB-100995,Choyshablar to'plami Satina,Uy-ro'zg'or buyumlari,467000,16,4.3,245,2016,4.6,500,2026-07-17,392300,74700,790876800,0.1215,Top sotilgan (Bestseller)
WB-100996,Jinsi shim Slim Fit,Kiyim va poyabzal,381000,19,3.8,65,772,4.4,500,2026-04-04,308600,72400,238239200,0.0842,Kam sotilgan
WB-100997,Qo'l kremi Mini,Go'zallik va parvarish,371000,16,4.1,132,879,4.6,25,2025-10-11,311600,59400,273896400,0.1502,Kam sotilgan
WB-100998,Charm kamar,Kiyim va poyabzal,816000,34,5.0,50,1052,4.9,0,2026-02-04,538600,277400,566607200,0.0475,O'rtacha sotilgan
WB-100999,Powerbank 20000mAh,Elektronika,440000,37,4.1,46,880,5.0,500,2026-05-04,277200,162800,243936000,0.0523,Kam sotilgan
WB-101000,Yuz zardobi Hyaluron,Go'zallik va parvarish,160000,23,5.0,11,563,4.4,500,2026-03-05,123200,36800,69361600,0.0195,Kam sotilgan
WB-101001,Tana skrabı Kofe,Go'zallik va parvarish,368000,54,4.1,384,2783,4.8,100,2026-08-15,169300,198700,471161900,0.138,Top sotilgan (Bestseller)
WB-101002,Lab bo'yog'i Matte,Go'zallik va parvarish,194000,31,4.3,11,676,4.4,25,2025-11-04,133900,60100,90516400,0.0163,Kam sotilgan
WB-101003,Mexanik klaviatura RGB,Elektronika,258000,61,4.3,262,2210,4.6,10,2026-04-05,100600,157400,222326000,0.1186,Top sotilgan (Bestseller)
WB-101004,Qishki kurtka Oversize,Kiyim va poyabzal,83000,38,5.0,29,887,4.8,10,2025-08-28,51500,31500,45680500,0.0327,Kam sotilgan
WB-101005,Bolalar futbolkasi Paxta,Bolalar tovarlari,510000,18,4.7,100,1004,4.3,250,2026-06-12,418200,91800,419872800,0.0996,O'rtacha sotilgan
WB-101006,Havo tozalagich diffuzor,Uy-ro'zg'or buyumlari,608000,33,4.8,276,2759,4.8,250,2025-10-29,407400,200600,1124016600,0.1,Top sotilgan (Bestseller)
WB-101007,Choyshablar to'plami Satina,Uy-ro'zg'or buyumlari,447000,62,4.9,508,4378,4.6,500,2026-06-27,169900,277100,743822200,0.116,Top sotilgan (Bestseller)
WB-101008,Choyshablar to'plami Satina,Uy-ro'zg'or buyumlari,621000,36,4.8,217,1858,4.7,0,2025-11-17,397400,223600,738369200,0.1168,Top sotilgan (Bestseller)
WB-101009,Havo tozalagich diffuzor,Uy-ro'zg'or buyumlari,373000,33,4.4,52,1024,4.8,250,2025-09-05,249900,123100,255897600,0.0508,O'rtacha sotilgan
WB-101010,Yostiq Ortopedik,Uy-ro'zg'or buyumlari,740000,38,4.9,92,1290,4.9,100,2026-03-18,458800,281200,591852000,0.0713,O'rtacha sotilgan
WB-101011,Havo tozalagich diffuzor,Uy-ro'zg'or buyumlari,651000,39,4.5,168,1731,4.5,0,2026-05-20,397100,253900,687380100,0.0971,Top sotilgan (Bestseller)
WB-101012,Paypoqlar to'plami (5 juft),Kiyim va poyabzal,749000,63,4.5,3,1006,4.4,0,2026-03-16,277100,471900,278762600,0.003,O'rtacha sotilgan
WB-101013,Mexanik klaviatura RGB,Elektronika,736000,6,4.6,24,432,4.8,25,2026-05-04,691800,44200,298857600,0.0556,Kam sotilgan
WB-101014,Klassik kostyum-shim,Kiyim va poyabzal,937000,25,4.3,167,1527,4.6,100,2025-09-21,702800,234200,1073175600,0.1094,Top sotilgan (Bestseller)
WB-101015,Sviter Casual,Kiyim va poyabzal,71000,29,4.8,193,1753,4.7,10,2025-11-26,50400,20600,88351200,0.1101,Top sotilgan (Bestseller)
WB-101016,Tana skrabı Kofe,Go'zallik va parvarish,66000,31,4.3,56,798,4.8,500,2025-11-20,45500,20500,36309000,0.0702,Kam sotilgan
WB-101017,Ring Light lampa,Elektronika,147000,5,4.3,339,2693,4.8,25,2026-08-06,139600,7400,375942800,0.1259,Top sotilgan (Bestseller)
WB-101018,Suv idishi Sport 750ml,Sport va dam olish,158000,46,4.9,49,1049,4.2,500,2026-04-08,85300,72700,89479700,0.0467,O'rtacha sotilgan
WB-101019,Jinsi shim Slim Fit,Kiyim va poyabzal,385000,36,5.0,25,786,5.0,50,2026-07-25,246400,138600,193670400,0.0318,Kam sotilgan
WB-101020,Sviter Casual,Kiyim va poyabzal,141000,16,3.9,99,1024,4.5,250,2025-12-02,118400,22600,121241600,0.0967,O'rtacha sotilgan
WB-101021,Organayzer javon,Uy-ro'zg'or buyumlari,710000,20,4.7,10,534,4.8,100,2026-03-09,568000,142000,303312000,0.0187,Kam sotilgan
WB-101022,Mikrofibra sochiqlar to'plami,Uy-ro'zg'or buyumlari,410000,70,4.7,44,1368,4.4,250,2026-01-29,123000,287000,168264000,0.0322,O'rtacha sotilgan
WB-101023,Qishki kurtka Oversize,Kiyim va poyabzal,403000,23,4.8,208,1864,4.7,500,2025-11-21,310300,92700,578399200,0.1116,Top sotilgan (Bestseller)
WB-101024,Jinsi shim Slim Fit,Kiyim va poyabzal,494000,65,4.3,149,1576,4.8,250,2026-07-01,172900,321100,272490400,0.0945,Top sotilgan (Bestseller)
WB-101025,Ayollar ko'ylagi Vintage,Kiyim va poyabzal,883000,46,4.5,201,2296,4.5,500,2025-12-16,476800,406200,1094732800,0.0875,Top sotilgan (Bestseller)
WB-101026,Krossovka Sport Run,Kiyim va poyabzal,593000,26,4.3,306,2531,4.1,25,2025-12-04,438800,154200,1110602800,0.1209,Top sotilgan (Bestseller)
WB-101027,Termo ichki kiyim,Sport va dam olish,461000,21,4.7,39,794,4.3,100,2025-08-27,364200,96800,289174800,0.0491,Kam sotilgan
WB-101028,Oshxona tarozisi Elektron,Uy-ro'zg'or buyumlari,123000,32,4.4,14,670,4.5,100,2026-02-05,83600,39400,56012000,0.0209,Kam sotilgan
WB-101029,Termo ichki kiyim,Sport va dam olish,214000,28,5.0,36,802,4.9,10,2025-10-05,154100,59900,123588200,0.0449,Kam sotilgan
WB-101030,Erkaklar futbolkasi Basic,Kiyim va poyabzal,477000,43,4.7,214,1683,4.1,10,2026-04-02,271900,205100,457607700,0.1272,Top sotilgan (Bestseller)
WB-101031,Paypoqlar to'plami (5 juft),Kiyim va poyabzal,745000,25,4.1,440,3574,4.5,0,2025-11-08,558800,186200,1997151200,0.1231,Top sotilgan (Bestseller)
WB-101032,Sakrash arqoni Metall simli,Sport va dam olish,322000,39,4.4,57,1122,4.6,250,2025-11-29,196400,125600,220360800,0.0508,O'rtacha sotilgan
WB-101033,Charm kamar,Kiyim va poyabzal,122000,35,4.9,97,1074,4.6,250,2025-09-24,79300,42700,85168200,0.0903,O'rtacha sotilgan
WB-101034,Lab bo'yog'i Matte,Go'zallik va parvarish,333000,33,4.6,278,2460,4.6,0,2026-03-08,223100,109900,548826000,0.113,Top sotilgan (Bestseller)
WB-101035,Erkaklar futbolkasi Basic,Kiyim va poyabzal,562000,54,4.7,290,3114,4.4,100,2026-03-08,258500,303500,804969000,0.0931,Top sotilgan (Bestseller)
WB-101036,Idish yuvish geli 1L,Uy-ro'zg'or buyumlari,210000,56,4.4,78,1446,4.7,10,2025-11-03,92400,117600,133610400,0.0539,Top sotilgan (Bestseller)
WB-101037,Termo ichki kiyim,Sport va dam olish,649000,45,4.3,2,789,4.8,250,2026-05-26,357000,292000,281673000,0.0025,Kam sotilgan
WB-101038,Klassik kostyum-shim,Kiyim va poyabzal,245000,9,4.9,74,784,4.5,25,2026-02-04,223000,22000,174832000,0.0944,Kam sotilgan
WB-101039,Yuz zardobi Hyaluron,Go'zallik va parvarish,117000,38,4.7,248,2266,4.2,100,2026-03-19,72500,44500,164285000,0.1094,Top sotilgan (Bestseller)
WB-101040,Simsiz sichqoncha,Elektronika,267000,27,4.3,214,2036,4.5,10,2026-02-10,194900,72100,396816400,0.1051,Top sotilgan (Bestseller)
WB-101041,Avtomobil ushlagichi,Elektronika,823000,38,4.5,27,876,5.0,250,2026-06-06,510300,312700,447022800,0.0308,Kam sotilgan
WB-101042,Yuz zardobi Hyaluron,Go'zallik va parvarish,89000,30,4.7,160,1679,4.6,500,2026-07-01,62300,26700,104601700,0.0953,Top sotilgan (Bestseller)
WB-101043,Ayollar ko'ylagi Vintage,Kiyim va poyabzal,760000,36,4.5,237,1558,4.4,25,2025-12-03,486400,273600,757811200,0.1521,Top sotilgan (Bestseller)
WB-101044,Smart soat Pro,Elektronika,704000,51,4.2,211,2014,4.4,0,2026-06-05,345000,359000,694830000,0.1048,Top sotilgan (Bestseller)
WB-101045,Ayollar ko'ylagi Vintage,Kiyim va poyabzal,534000,28,4.4,96,1131,4.6,10,2025-10-19,384500,149500,434869500,0.0849,O'rtacha sotilgan
WB-101046,Simsiz quloqchin TWS,Elektronika,313000,24,4.7,22,590,4.2,50,2026-06-17,237900,75100,140361000,0.0373,Kam sotilgan
WB-101047,Charm kamar,Kiyim va poyabzal,902000,6,4.2,528,4254,4.7,25,2026-08-03,847900,54100,3606966600,0.1241,Top sotilgan (Bestseller)
WB-101048,Sport sumkasi Suv o'tkazmaydigan,Sport va dam olish,627000,24,5.0,356,1888,4.3,0,2026-07-06,476500,150500,899632000,0.1886,Top sotilgan (Bestseller)
WB-101049,Qishki kurtka Oversize,Kiyim va poyabzal,231000,31,4.9,297,2317,4.6,10,2026-08-15,159400,71600,369329800,0.1282,Top sotilgan (Bestseller)
WB-101050,Simsiz quloqchin TWS,Elektronika,549000,56,4.5,129,1586,4.7,100,2025-08-27,241600,307400,383177600,0.0813,Top sotilgan (Bestseller)
WB-101051,Simsiz sichqoncha,Elektronika,734000,56,4.6,143,1635,4.1,500,2026-03-27,323000,411000,528105000,0.0875,Top sotilgan (Bestseller)
WB-101052,Velosiped chirog'i LED,Sport va dam olish,377000,23,4.5,293,2768,4.8,25,2026-05-09,290300,86700,803550400,0.1059,Top sotilgan (Bestseller)
WB-101053,Ayollar ko'ylagi Vintage,Kiyim va poyabzal,276000,37,4.6,101,1145,4.7,250,2025-08-28,173900,102100,199115500,0.0882,O'rtacha sotilgan
WB-101054,Yoga mat 6mm,Sport va dam olish,135000,13,4.0,74,917,4.5,0,2025-09-19,117400,17600,107655800,0.0807,Kam sotilgan
WB-101055,Oshxona pichoqlar to'plami,Uy-ro'zg'or buyumlari,164000,33,4.3,68,1073,5.0,50,2026-02-02,109900,54100,117922700,0.0634,O'rtacha sotilgan
WB-101056,Bolalar futbolkasi Paxta,Bolalar tovarlari,381000,39,4.8,135,1719,4.7,0,2025-10-01,232400,148600,399495600,0.0785,Top sotilgan (Bestseller)
WB-101057,Sviter Casual,Kiyim va poyabzal,572000,37,4.7,172,1449,4.3,10,2025-11-13,360400,211600,522219600,0.1187,Top sotilgan (Bestseller)
WB-101058,Mexanik klaviatura RGB,Elektronika,951000,31,4.9,208,2005,4.5,250,2025-12-28,656200,294800,1315681000,0.1037,Top sotilgan (Bestseller)
WB-101059,Charm kamar,Kiyim va poyabzal,366000,32,4.0,204,1384,4.2,0,2026-08-02,248900,117100,344477600,0.1474,O'rtacha sotilgan
WB-101060,Sakrash arqoni Metall simli,Sport va dam olish,466000,5,4.0,101,946,4.8,500,2026-04-24,442700,23300,418794200,0.1068,O'rtacha sotilgan
WB-101061,Quyoshdan himoya kremi SPF50,Go'zallik va parvarish,450000,42,4.9,5,753,4.7,500,2026-03-16,261000,189000,196533000,0.0066,Kam sotilgan
WB-101062,Lab bo'yog'i Matte,Go'zallik va parvarish,339000,7,5.0,247,2044,4.9,10,2026-03-14,315300,23700,644473200,0.1208,Top sotilgan (Bestseller)
WB-101063,Chizmachilik to'plami 100+ dona,Bolalar tovarlari,129000,44,4.4,1,757,4.8,50,2026-03-10,72200,56800,54655400,0.0013,Kam sotilgan
WB-101064,Rivojlantiruvchi taxta Busyboard,Bolalar tovarlari,171000,11,4.5,68,918,5.0,0,2026-02-18,152200,18800,139719600,0.0741,Kam sotilgan
WB-101065,Simsiz sichqoncha,Elektronika,1125000,46,4.8,81,1106,4.6,250,2025-11-11,607500,517500,671895000,0.0732,O'rtacha sotilgan
WB-101066,Tish tozalovchi kukun,Go'zallik va parvarish,217000,43,4.7,154,1864,4.4,50,2025-09-23,123700,93300,230576800,0.0826,Top sotilgan (Bestseller)
WB-101067,Klassik kostyum-shim,Kiyim va poyabzal,673000,62,4.1,120,1848,4.6,25,2026-06-13,255700,417300,472533600,0.0649,Top sotilgan (Bestseller)
WB-101068,Sakrash arqoni Metall simli,Sport va dam olish,517000,5,4.2,147,1201,4.4,100,2026-04-19,491200,25800,589931200,0.1224,O'rtacha sotilgan
WB-101069,Plastilin to'plami,Bolalar tovarlari,461000,30,4.4,81,1128,4.2,25,2025-09-25,322700,138300,364005600,0.0718,O'rtacha sotilgan
WB-101070,Organayzer javon,Uy-ro'zg'or buyumlari,543000,17,5.0,77,819,4.6,100,2026-04-26,450700,92300,369123300,0.094,Kam sotilgan
WB-101071,Suv idishi Sport 750ml,Sport va dam olish,641000,20,4.2,208,1816,4.5,0,2026-01-20,512800,128200,931244800,0.1145,Top sotilgan (Bestseller)
WB-101072,Sviter Casual,Kiyim va poyabzal,311000,38,4.1,204,1393,4.7,0,2025-09-05,192800,118200,268570400,0.1464,O'rtacha sotilgan
WB-101073,Charm kamar,Kiyim va poyabzal,750000,51,4.5,57,1065,4.7,25,2026-04-12,367500,382500,391387500,0.0535,O'rtacha sotilgan
WB-101074,Lab bo'yog'i Matte,Go'zallik va parvarish,274000,33,4.6,6,648,4.6,500,2026-03-02,183600,90400,118972800,0.0093,Kam sotilgan
WB-101075,Qo'l kremi Mini,Go'zallik va parvarish,101000,15,4.1,123,1004,4.5,100,2025-09-19,85800,15200,86143200,0.1225,O'rtacha sotilgan
WB-101076,Shampun Sulfatsiz,Go'zallik va parvarish,84000,42,4.6,150,1312,4.8,0,2026-03-21,48700,35300,63894400,0.1143,O'rtacha sotilgan
WB-101077,Simsiz quloqchin TWS,Elektronika,982000,25,4.2,20,670,4.3,0,2026-01-02,736500,245500,493455000,0.0299,Kam sotilgan
WB-101078,Mikrofibra sochiqlar to'plami,Uy-ro'zg'or buyumlari,68000,40,4.3,5,725,4.7,500,2025-10-31,40800,27200,29580000,0.0069,Kam sotilgan
WB-101079,Bokal to'plami (6 dona),Uy-ro'zg'or buyumlari,44000,36,4.1,132,1516,4.6,100,2025-09-09,28200,15800,42751200,0.0871,Top sotilgan (Bestseller)
WB-101080,Ayollar ko'ylagi Vintage,Kiyim va poyabzal,578000,13,5.0,21,456,4.5,250,2026-07-06,502900,75100,229322400,0.0461,Kam sotilgan
WB-101081,Lab bo'yog'i Matte,Go'zallik va parvarish,380000,35,4.2,26,811,4.8,50,2025-09-05,247000,133000,200317000,0.0321,Kam sotilgan
WB-101082,Bokal to'plami (6 dona),Uy-ro'zg'or buyumlari,177000,46,4.7,13,899,5.0,250,2026-01-21,95600,81400,85944400,0.0145,Kam sotilgan
WB-101083,Rivojlantiruvchi taxta Busyboard,Bolalar tovarlari,245000,54,4.7,100,1633,4.9,25,2025-08-28,112700,132300,184039100,0.0612,Top sotilgan (Bestseller)
WB-101084,Simsiz sichqoncha,Elektronika,1708000,24,4.7,497,3623,4.9,100,2026-06-23,1298100,409900,4703016300,0.1372,Top sotilgan (Bestseller)
WB-101085,Bolalar kolyaskasi Yengil,Bolalar tovarlari,88000,35,4.5,3,677,4.6,0,2026-01-24,57200,30800,38724400,0.0044,Kam sotilgan
WB-101086,Yoga mat 6mm,Sport va dam olish,73000,37,4.7,66,1191,4.7,0,2026-01-21,46000,27000,54786000,0.0554,O'rtacha sotilgan
WB-101087,USB Type-C kabel Tezkor,Elektronika,866000,74,4.1,295,2261,4.1,500,2025-09-06,225200,640800,509177200,0.1305,Top sotilgan (Bestseller)
WB-101088,Ayollar ko'ylagi Vintage,Kiyim va poyabzal,137000,37,5.0,104,1314,5.0,50,2025-09-23,86300,50700,113398200,0.0791,O'rtacha sotilgan
WB-101089,Uy shippagi Soft,Kiyim va poyabzal,87000,6,4.5,63,793,4.6,0,2026-01-12,81800,5200,64867400,0.0794,Kam sotilgan
WB-101090,Qishki kurtka Oversize,Kiyim va poyabzal,82000,30,5.0,32,815,4.6,500,2026-06-06,57400,24600,46781000,0.0393,Kam sotilgan
WB-101091,Suv idishi Sport 750ml,Sport va dam olish,523000,29,3.9,40,684,4.9,100,2025-11-13,371300,151700,253969200,0.0585,Kam sotilgan
WB-101092,Choyshablar to'plami Satina,Uy-ro'zg'or buyumlari,135000,33,4.2,22,712,4.6,25,2025-11-05,90400,44600,64364800,0.0309,Kam sotilgan
WB-101093,Quyoshdan himoya kremi SPF50,Go'zallik va parvarish,198000,41,4.5,35,891,4.4,50,2026-05-25,116800,81200,104068800,0.0393,Kam sotilgan
WB-101094,Sviter Casual,Kiyim va poyabzal,877000,43,4.5,50,1062,4.1,100,2025-11-01,499900,377100,530893800,0.0471,O'rtacha sotilgan
WB-101095,Plastilin to'plami,Bolalar tovarlari,90000,28,4.6,83,877,4.6,100,2026-07-28,64800,25200,56829600,0.0946,Kam sotilgan
WB-101096,Havo tozalagich diffuzor,Uy-ro'zg'or buyumlari,382000,21,5.0,56,897,4.5,10,2026-06-13,301800,80200,270714600,0.0624,Kam sotilgan
WB-101097,Oshxona pichoqlar to'plami,Uy-ro'zg'or buyumlari,193000,29,4.3,142,1539,4.1,100,2025-10-16,137000,56000,210843000,0.0923,Top sotilgan (Bestseller)
WB-101098,Organayzer javon,Uy-ro'zg'or buyumlari,204000,11,4.9,93,745,4.5,0,2026-01-20,181600,22400,135292000,0.1248,Kam sotilgan
WB-101099,Oshxona pichoqlar to'plami,Uy-ro'zg'or buyumlari,78000,27,4.6,347,2832,4.6,25,2026-03-08,56900,21100,161140800,0.1225,Top sotilgan (Bestseller)
WB-101100,Soch maskasi Keratin,Go'zallik va parvarish,295000,16,4.2,452,2999,4.8,50,2026-03-06,247800,47200,743152200,0.1507,Top sotilgan (Bestseller)
WB-101101,Ring Light lampa,Elektronika,1147000,11,5.0,80,694,4.7,0,2026-04-22,1020800,126200,708435200,0.1153,Kam sotilgan
WB-101102,Ayollar ko'ylagi Vintage,Kiyim va poyabzal,465000,34,4.2,496,2425,5.0,500,2026-04-10,306900,158100,744232500,0.2045,Top sotilgan (Bestseller)
WB-101103,Krossovka Sport Run,Kiyim va poyabzal,588000,33,4.4,84,948,4.8,100,2026-03-08,394000,194000,373512000,0.0886,O'rtacha sotilgan
WB-101104,Organayzer javon,Uy-ro'zg'or buyumlari,452000,29,4.1,279,1915,4.8,25,2026-03-28,320900,131100,614523500,0.1457,Top sotilgan (Bestseller)
WB-101105,Bolalar kolyaskasi Yengil,Bolalar tovarlari,313000,35,4.8,163,1720,4.8,25,2025-11-23,203400,109600,349848000,0.0948,Top sotilgan (Bestseller)
WB-101106,Soch maskasi Keratin,Go'zallik va parvarish,122000,13,4.7,291,1566,4.9,100,2026-06-06,106100,15900,166152600,0.1858,Top sotilgan (Bestseller)
WB-101107,Bokal to'plami (6 dona),Uy-ro'zg'or buyumlari,45000,12,4.4,120,831,4.6,100,2026-08-16,39600,5400,32907600,0.1444,Kam sotilgan
WB-101108,Bluetooth karnay Mini,Elektronika,896000,23,4.5,315,1811,4.6,10,2026-07-28,689900,206100,1249408900,0.1739,Top sotilgan (Bestseller)
WB-101109,Quyoshdan himoya kremi SPF50,Go'zallik va parvarish,137000,59,4.8,24,1065,4.5,10,2026-01-22,56200,80800,59853000,0.0225,O'rtacha sotilgan
WB-101110,Erkaklar futbolkasi Basic,Kiyim va poyabzal,514000,53,4.5,37,1071,5.0,25,2025-12-24,241600,272400,258753600,0.0345,O'rtacha sotilgan
WB-101111,Charm kamar,Kiyim va poyabzal,486000,37,4.7,96,1293,4.5,250,2025-10-26,306200,179800,395916600,0.0742,O'rtacha sotilgan
WB-101112,Oshxona tarozisi Elektron,Uy-ro'zg'or buyumlari,400000,54,4.5,34,1122,4.4,10,2026-01-03,184000,216000,206448000,0.0303,O'rtacha sotilgan
WB-101113,Klassik kostyum-shim,Kiyim va poyabzal,755000,57,4.6,320,2569,4.3,250,2025-10-26,324700,430300,834154300,0.1246,Top sotilgan (Bestseller)
WB-101114,Qo'l kremi Mini,Go'zallik va parvarish,300000,35,4.3,109,1167,4.3,0,2026-03-23,195000,105000,227565000,0.0934,O'rtacha sotilgan
WB-101115,Chizmachilik to'plami 100+ dona,Bolalar tovarlari,474000,46,4.6,39,1054,4.6,500,2026-05-23,256000,218000,269824000,0.037,O'rtacha sotilgan
WB-101116,Bolalar futbolkasi Paxta,Bolalar tovarlari,329000,12,5.0,139,1339,4.4,250,2026-06-11,289500,39500,387640500,0.1038,O'rtacha sotilgan
WB-101117,Havo tozalagich diffuzor,Uy-ro'zg'or buyumlari,414000,30,4.4,119,1521,4.4,10,2026-01-29,289800,124200,440785800,0.0782,Top sotilgan (Bestseller)
WB-101118,Jinsi shim Slim Fit,Kiyim va poyabzal,370000,25,5.0,87,1013,4.9,250,2025-11-26,277500,92500,281107500,0.0859,O'rtacha sotilgan
WB-101119,Qishki kurtka Oversize,Kiyim va poyabzal,229000,25,4.0,96,910,4.7,0,2026-01-18,171800,57200,156338000,0.1055,Kam sotilgan
WB-101120,Havo tozalagich diffuzor,Uy-ro'zg'or buyumlari,162000,24,4.2,33,690,4.9,100,2026-02-12,123100,38900,84939000,0.0478,Kam sotilgan
WB-101121,Mexanik klaviatura RGB,Elektronika,1479000,36,4.5,25,874,4.5,100,2026-06-16,946600,532400,827328400,0.0286,Kam sotilgan
WB-101122,USB Type-C kabel Tezkor,Elektronika,168000,5,4.9,108,907,4.7,10,2025-10-23,159600,8400,144757200,0.1191,Kam sotilgan
WB-101123,Ayollar ko'ylagi Vintage,Kiyim va poyabzal,307000,23,4.4,183,1899,4.4,250,2026-06-08,236400,70600,448923600,0.0964,Top sotilgan (Bestseller)
WB-101124,Velosiped chirog'i LED,Sport va dam olish,213000,35,4.7,111,1438,4.5,10,2025-11-07,138400,74600,199019200,0.0772,Top sotilgan (Bestseller)
WB-101125,Yostiq Ortopedik,Uy-ro'zg'or buyumlari,610000,39,4.3,114,1606,4.8,25,2026-04-27,372100,237900,597592600,0.071,Top sotilgan (Bestseller)
WB-101126,Telefon g'ilofi Silikon,Elektronika,870000,39,4.7,29,822,4.8,100,2026-06-25,530700,339300,436235400,0.0353,Kam sotilgan
WB-101127,Ayollar ko'ylagi Vintage,Kiyim va poyabzal,424000,26,4.6,262,2465,4.5,500,2026-01-08,313800,110200,773517000,0.1063,Top sotilgan (Bestseller)
WB-101128,Avtomobil ushlagichi,Elektronika,669000,52,4.6,58,1179,4.7,0,2026-06-25,321100,347900,378576900,0.0492,O'rtacha sotilgan
WB-101129,Uy shippagi Soft,Kiyim va poyabzal,244000,28,4.8,34,744,4.9,50,2025-09-03,175700,68300,130720800,0.0457,Kam sotilgan
WB-101130,Shampun Sulfatsiz,Go'zallik va parvarish,217000,39,4.2,50,914,4.6,50,2025-10-06,132400,84600,121013600,0.0547,Kam sotilgan
WB-101131,USB Type-C kabel Tezkor,Elektronika,903000,49,5.0,124,1620,4.2,50,2026-02-24,460500,442500,746010000,0.0765,Top sotilgan (Bestseller)
WB-101132,Yostiq Ortopedik,Uy-ro'zg'or buyumlari,97000,33,4.4,9,675,4.7,500,2026-04-02,65000,32000,43875000,0.0133,Kam sotilgan
WB-101133,Qishki kurtka Oversize,Kiyim va poyabzal,208000,62,4.8,116,1699,4.1,500,2025-11-20,79000,129000,134221000,0.0683,Top sotilgan (Bestseller)
WB-101134,Powerbank 20000mAh,Elektronika,486000,38,4.3,149,1274,4.9,10,2026-05-22,301300,184700,383856200,0.117,O'rtacha sotilgan
WB-101135,Yostiq Ortopedik,Uy-ro'zg'or buyumlari,140000,45,4.4,1,775,4.3,0,2026-05-05,77000,63000,59675000,0.0013,Kam sotilgan
WB-101136,Erkaklar futbolkasi Basic,Kiyim va poyabzal,477000,41,4.3,112,1295,4.3,50,2025-11-19,281400,195600,364413000,0.0865,O'rtacha sotilgan
WB-101137,Paypoqlar to'plami (5 juft),Kiyim va poyabzal,732000,48,4.6,0,819,4.2,50,2026-05-30,380600,351400,311711400,0.0,Kam sotilgan
WB-101138,Quyoshdan himoya kremi SPF50,Go'zallik va parvarish,175000,16,4.2,166,1532,4.6,100,2026-05-04,147000,28000,225204000,0.1084,Top sotilgan (Bestseller)
WB-101139,Klassik kostyum-shim,Kiyim va poyabzal,809000,59,5.0,57,1257,4.6,500,2025-08-30,331700,477300,416946900,0.0453,O'rtacha sotilgan
WB-101140,Oshxona tarozisi Elektron,Uy-ro'zg'or buyumlari,653000,41,3.9,125,1305,4.6,10,2026-04-03,385300,267700,502816500,0.0958,O'rtacha sotilgan
WB-101141,Havo tozalagich diffuzor,Uy-ro'zg'or buyumlari,665000,19,4.6,6,544,4.3,25,2026-03-01,538600,126400,292998400,0.011,Kam sotilgan
WB-101142,Mexanik klaviatura RGB,Elektronika,214000,27,5.0,96,966,4.5,0,2026-02-18,156200,57800,150889200,0.0994,O'rtacha sotilgan
WB-101143,Yuz kremi Namlantiruvchi,Go'zallik va parvarish,447000,49,4.9,37,972,4.9,0,2026-04-08,228000,219000,221616000,0.0381,O'rtacha sotilgan
WB-101144,Tish tozalovchi kukun,Go'zallik va parvarish,164000,16,5.0,105,1228,4.3,100,2025-09-09,137800,26200,169218400,0.0855,O'rtacha sotilgan
WB-101145,Choyshablar to'plami Satina,Uy-ro'zg'or buyumlari,78000,69,4.3,56,1382,4.7,25,2025-11-03,24200,53800,33444400,0.0405,O'rtacha sotilgan
WB-101146,Uy shippagi Soft,Kiyim va poyabzal,305000,35,4.6,1,646,4.7,500,2025-11-07,198200,106800,128037200,0.0015,Kam sotilgan
WB-101147,Sport sumkasi Suv o'tkazmaydigan,Sport va dam olish,40000,62,4.8,37,1216,4.7,10,2026-08-01,15200,24800,18483200,0.0304,O'rtacha sotilgan
WB-101148,Tana skrabı Kofe,Go'zallik va parvarish,287000,64,4.4,373,2693,4.4,500,2026-02-07,103300,183700,278186900,0.1385,Top sotilgan (Bestseller)
WB-101149,Paypoqlar to'plami (5 juft),Kiyim va poyabzal,523000,31,5.0,272,1873,4.6,25,2026-05-09,360900,162100,675965700,0.1452,Top sotilgan (Bestseller)
WB-101150,Fitnes rezinkalar to'plami,Sport va dam olish,621000,25,5.0,13,609,5.0,10,2026-04-16,465800,155200,283672200,0.0213,Kam sotilgan
WB-101151,Choyshablar to'plami Satina,Uy-ro'zg'or buyumlari,291000,34,4.1,48,819,4.8,250,2025-09-24,192100,98900,157329900,0.0586,Kam sotilgan
WB-101152,Uy shippagi Soft,Kiyim va poyabzal,785000,44,4.8,3,803,4.7,50,2026-03-12,439600,345400,352998800,0.0037,Kam sotilgan
WB-101153,Rivojlantiruvchi taxta Busyboard,Bolalar tovarlari,180000,39,4.2,109,1364,4.5,0,2025-08-26,109800,70200,149767200,0.0799,O'rtacha sotilgan
WB-101154,Chizmachilik to'plami 100+ dona,Bolalar tovarlari,595000,44,4.5,17,872,4.9,500,2026-08-15,333200,261800,290550400,0.0195,Kam sotilgan
WB-101155,Qishki kurtka Oversize,Kiyim va poyabzal,354000,54,4.6,532,4220,4.5,10,2026-03-10,162800,191200,687016000,0.1261,Top sotilgan (Bestseller)
WB-101156,USB Type-C kabel Tezkor,Elektronika,1139000,7,4.4,40,449,4.5,250,2026-08-15,1059300,79700,475625700,0.0891,Kam sotilgan
WB-101157,Qishki kurtka Oversize,Kiyim va poyabzal,89000,48,4.1,142,1789,4.8,25,2026-07-22,46300,42700,82830700,0.0794,Top sotilgan (Bestseller)
WB-101158,Bolalar kolyaskasi Yengil,Bolalar tovarlari,486000,47,4.1,28,932,4.5,0,2026-06-18,257600,228400,240083200,0.03,O'rtacha sotilgan
WB-101159,Gantellar to'plami 2x5kg,Sport va dam olish,131000,58,4.8,139,1782,4.3,0,2026-07-17,55000,76000,98010000,0.078,Top sotilgan (Bestseller)
WB-101160,Organayzer javon,Uy-ro'zg'or buyumlari,705000,39,4.9,4,733,4.7,0,2025-12-29,430000,275000,315190000,0.0055,Kam sotilgan
WB-101161,Qo'l kremi Mini,Go'zallik va parvarish,358000,45,4.2,202,2134,4.2,500,2026-06-08,196900,161100,420184600,0.0947,Top sotilgan (Bestseller)
WB-101162,Chizmachilik to'plami 100+ dona,Bolalar tovarlari,575000,20,4.7,534,2714,4.5,100,2026-05-02,460000,115000,1248440000,0.1968,Top sotilgan (Bestseller)
WB-101163,Bokal to'plami (6 dona),Uy-ro'zg'or buyumlari,58000,49,4.5,50,1126,4.7,500,2026-05-05,29600,28400,33329600,0.0444,O'rtacha sotilgan
WB-101164,Choyshablar to'plami Satina,Uy-ro'zg'or buyumlari,227000,20,4.8,107,1313,5.0,250,2025-09-11,181600,45400,238440800,0.0815,O'rtacha sotilgan
WB-101165,Quyoshdan himoya kremi SPF50,Go'zallik va parvarish,449000,23,4.6,2,529,4.6,500,2026-03-23,345700,103300,182875300,0.0038,Kam sotilgan
WB-101166,Yuz zardobi Hyaluron,Go'zallik va parvarish,417000,40,4.3,36,994,4.2,250,2026-06-14,250200,166800,248698800,0.0362,O'rtacha sotilgan
WB-101167,Yuz kremi Namlantiruvchi,Go'zallik va parvarish,119000,39,4.3,0,722,4.8,100,2026-05-28,72600,46400,52417200,0.0,Kam sotilgan
WB-101168,Rivojlantiruvchi taxta Busyboard,Bolalar tovarlari,472000,25,4.1,104,1095,4.5,500,2025-12-20,354000,118000,387630000,0.095,O'rtacha sotilgan
WB-101169,Yostiq Ortopedik,Uy-ro'zg'or buyumlari,422000,42,5.0,9,815,4.6,10,2026-01-01,244800,177200,199512000,0.011,Kam sotilgan
WB-101170,Powerbank 20000mAh,Elektronika,1638000,37,4.7,12,765,4.9,100,2026-07-15,1031900,606100,789403500,0.0157,Kam sotilgan
WB-101171,Konstruktor Lego mos keluvchi,Bolalar tovarlari,574000,58,4.7,170,1750,5.0,25,2025-10-23,241100,332900,421925000,0.0971,Top sotilgan (Bestseller)
WB-101172,Quyoshdan himoya kremi SPF50,Go'zallik va parvarish,77000,29,4.3,10,628,4.8,10,2026-05-28,54700,22300,34351600,0.0159,Kam sotilgan
WB-101173,Taktik ryukzak 40L,Sport va dam olish,531000,36,4.4,7,706,5.0,100,2025-11-29,339800,191200,239898800,0.0099,Kam sotilgan
WB-101174,Yuz kremi Namlantiruvchi,Go'zallik va parvarish,170000,15,4.9,13,506,4.4,10,2026-07-05,144500,25500,73117000,0.0257,Kam sotilgan
WB-101175,Oshxona pichoqlar to'plami,Uy-ro'zg'or buyumlari,733000,34,3.8,325,2868,4.5,25,2026-07-16,483800,249200,1387538400,0.1133,Top sotilgan (Bestseller)
WB-101176,Jinsi shim Slim Fit,Kiyim va poyabzal,63000,7,5.0,326,2393,4.8,25,2026-04-16,58600,4400,140229800,0.1362,Top sotilgan (Bestseller)
WB-101177,Quyoshdan himoya kremi SPF50,Go'zallik va parvarish,351000,20,4.3,96,1037,4.5,500,2025-09-07,280800,70200,291189600,0.0926,O'rtacha sotilgan
WB-101178,Sviter Casual,Kiyim va poyabzal,792000,26,5.0,6,601,4.6,25,2026-03-04,586100,205900,352246100,0.01,Kam sotilgan
WB-101179,Yumshoq ayiqcha Plush,Bolalar tovarlari,586000,23,4.8,161,1392,4.6,10,2026-08-21,451200,134800,628070400,0.1157,O'rtacha sotilgan
WB-101180,Tish tozalovchi kukun,Go'zallik va parvarish,387000,30,4.6,36,783,4.5,10,2026-06-16,270900,116100,212114700,0.046,Kam sotilgan
WB-101181,Avtomobil ushlagichi,Elektronika,1378000,40,4.4,149,1871,4.4,100,2026-07-24,826800,551200,1546942800,0.0796,Top sotilgan (Bestseller)
WB-101182,Mikrofibra sochiqlar to'plami,Uy-ro'zg'or buyumlari,255000,39,4.4,48,1027,4.7,100,2025-08-24,155600,99400,159801200,0.0467,O'rtacha sotilgan
WB-101183,Tana skrabı Kofe,Go'zallik va parvarish,198000,41,4.6,336,3255,4.8,10,2026-07-20,116800,81200,380184000,0.1032,Top sotilgan (Bestseller)
WB-101184,Erkaklar futbolkasi Basic,Kiyim va poyabzal,479000,33,4.3,160,1763,4.4,50,2025-08-24,320900,158100,565746700,0.0908,Top sotilgan (Bestseller)
WB-101185,Yuz zardobi Hyaluron,Go'zallik va parvarish,234000,36,4.9,113,1278,4.4,10,2026-03-17,149800,84200,191444400,0.0884,O'rtacha sotilgan
WB-101186,Parfyum Elixir 50ml,Go'zallik va parvarish,131000,39,4.4,65,1055,4.6,50,2026-06-20,79900,51100,84294500,0.0616,O'rtacha sotilgan
WB-101187,Krossovka Sport Run,Kiyim va poyabzal,785000,5,4.1,34,503,4.8,0,2025-09-27,745800,39200,375137400,0.0676,Kam sotilgan
WB-101188,Ayollar ko'ylagi Vintage,Kiyim va poyabzal,571000,21,4.0,212,1227,4.7,10,2025-11-05,451100,119900,553499700,0.1728,O'rtacha sotilgan
WB-101189,Bolalar butilkasi Anti-kolik,Bolalar tovarlari,587000,21,4.8,38,747,4.5,50,2026-02-18,463700,123300,346383900,0.0509,Kam sotilgan
WB-101190,Sport sumkasi Suv o'tkazmaydigan,Sport va dam olish,339000,50,4.4,34,1030,5.0,500,2025-09-21,169500,169500,174585000,0.033,O'rtacha sotilgan
WB-101191,Ayollar ko'ylagi Vintage,Kiyim va poyabzal,844000,42,4.7,66,982,4.3,100,2026-04-11,489500,354500,480689000,0.0672,O'rtacha sotilgan
WB-101192,USB Type-C kabel Tezkor,Elektronika,1524000,46,4.4,78,1228,4.9,250,2026-04-27,823000,701000,1010644000,0.0635,O'rtacha sotilgan
WB-101193,Lab bo'yog'i Matte,Go'zallik va parvarish,72000,31,4.1,140,1227,4.2,250,2026-03-16,49700,22300,60981900,0.1141,O'rtacha sotilgan
WB-101194,Bolalar kolyaskasi Yengil,Bolalar tovarlari,544000,34,4.8,379,3581,4.3,100,2025-11-23,359000,185000,1285579000,0.1058,Top sotilgan (Bestseller)
WB-101195,Erkaklar futbolkasi Basic,Kiyim va poyabzal,351000,27,4.1,100,891,4.7,25,2026-03-27,256200,94800,228274200,0.1122,Kam sotilgan
WB-101196,Qo'l kremi Mini,Go'zallik va parvarish,310000,53,4.4,52,1103,4.2,25,2025-09-14,145700,164300,160707100,0.0471,O'rtacha sotilgan
WB-101197,Choyshablar to'plami Satina,Uy-ro'zg'or buyumlari,270000,40,5.0,1,723,4.5,50,2025-09-13,162000,108000,117126000,0.0014,Kam sotilgan
WB-101198,Yoga mat 6mm,Sport va dam olish,294000,53,4.5,152,1553,4.8,0,2025-12-31,138200,155800,214624600,0.0979,Top sotilgan (Bestseller)
WB-101199,Qishki kurtka Oversize,Kiyim va poyabzal,632000,59,4.0,11,995,4.5,25,2026-06-24,259100,372900,257804500,0.0111,O'rtacha sotilgan
WB-101200,Mikrofibra sochiqlar to'plami,Uy-ro'zg'or buyumlari,373000,33,4.7,169,1800,4.5,10,2026-03-20,249900,123100,449820000,0.0939,Top sotilgan (Bestseller)
