product_id,product_name,category,price,discount_percent,rating,reviews_count,orders_count,seller_rating,stock_quantity,date_added
WB-100001,Yuz kremi Namlantiruvchi,Go'zallik va parvarish,340000.0,35,4.7,12,714,4.5,0,2025-09-06
WB-100002,Quyoshdan himoya kremi SPF50,Go'zallik va parvarish,110000.0,23,4.1,29,669,4.6,500,2025-11-11
WB-100003,Klassik kostyum-shim,Kiyim va poyabzal,151000.0,24,4.7,50,781,4.7,0,2026-03-03
WB-100004,Tana skrabı Kofe,Go'zallik va parvarish,270000.0,33,4.4,31,783,4.7,0,2026-03-04
WB-100005,Bluetooth karnay Mini,Elektronika,691000.0,23,4.0,138,996,4.4,10,2025-11-13
WB-100006,Shaker Protein,Sport va dam olish,174000.0,23,5.0,6,576,4.4,0,2025-12-08
WB-100007,Termos 1L zanglamas,Uy-ro'zg'or buyumlari,502000.0,8,5.0,73,689,4.9,25,2026-06-17
WB-100008,Powerbank 20000mAh,Elektronika,956000.0,38,4.6,13,777,4.3,0,2026-03-07
WB-100009,Quyoshdan himoya kremi SPF50,Go'zallik va parvarish,391000.0,58,4.5,137,1733,5.0,0,2026-01-19
WB-100010,Velosiped chirog'i LED,Sport va dam olish,633000.0,36,4.1,13,741,4.4,10,2025-11-08
WB-100011,Shaker Protein,Sport va dam olish,600000.0,20,4.3,14,569,4.6,10,2025-09-20
WB-100012,Charm kamar,Kiyim va poyabzal,786000.0,53,4.4,16,976,4.6,100,2026-06-28
WB-100013,Yuz zardobi Hyaluron,Go'zallik va parvarish,328000.0,16,4.8,56,842,4.7,0,2026-02-11
WB-100014,Yuz kremi Namlantiruvchi,Go'zallik va parvarish,55000.0,27,4.3,282,2637,4.7,250,2026-04-27
WB-100015,Taktik ryukzak 40L,Sport va dam olish,391000.0,35,4.9,62,899,4.4,50,2026-04-18
WB-100016,Oshxona pichoqlar to'plami,Uy-ro'zg'or buyumlari,74000.0,31,3.9,13,624,4.6,10,2026-01-11
WB-100017,Sviter Casual,Kiyim va poyabzal,147000.0,24,4.1,1,506,4.4,50,2026-04-27
WB-100018,Gantellar to'plami 2x5kg,Sport va dam olish,271000.0,46,4.5,183,1752,4.9,500,2026-06-02
WB-100019,Jinsi shim Slim Fit,Kiyim va poyabzal,922000.0,18,4.3,165,1037,4.5,500,2026-05-20
WB-100020,Krossovka Sport Run,Kiyim va poyabzal,121000.0,62,4.8,62,1441,4.5,0,2026-07-05
WB-100021,Tana skrabı Kofe,Go'zallik va parvarish,,41,5.0,32,903,4.4,25,2025-09-28
WB-100022,Shampun Sulfatsiz,Go'zallik va parvarish,56000.0,37,4.8,324,3118,4.4,10,2026-04-03
WB-100023,Quyoshdan himoya kremi SPF50,Go'zallik va parvarish,28000.0,40,4.2,130,1708,4.7,0,2026-06-01
WB-100024,Klassik kostyum-shim,Kiyim va poyabzal,241000.0,27,4.3,80,1156,4.5,50,2026-01-10
WB-100025,Qishki kurtka Oversize,Kiyim va poyabzal,204000.0,13,4.7,98,815,4.5,10,2026-05-28
WB-100026,Qo'l kremi Mini,Go'zallik va parvarish,79000.0,23,5.0,190,1937,4.5,10,2026-07-29
WB-100027,Plastilin to'plami,Bolalar tovarlari,585000.0,34,3.7,32,745,4.5,50,2025-09-03
WB-100028,Bokal to'plami (6 dona),Uy-ro'zg'or buyumlari,608000.0,52,4.0,37,1126,4.9,500,2026-04-19
WB-100029,Parfyum Elixir 50ml,Go'zallik va parvarish,374000.0,42,4.3,129,1407,4.7,500,2026-01-11
WB-100030,Choyshablar to'plami Satina,Uy-ro'zg'or buyumlari,268000.0,65,4.6,36,1239,4.6,100,2026-04-01
WB-100031,Avtomobil ushlagichi,Elektronika,279000.0,42,4.4,5,721,4.5,250,2026-07-31
WB-100032,Sakrash arqoni Metall simli,Sport va dam olish,420000.0,30,4.3,276,2168,4.4,250,2026-01-20
WB-100033,Bokal to'plami (6 dona),Uy-ro'zg'or buyumlari,518000.0,51,4.2,42,1097,4.6,50,2026-06-14
WB-100034,Telefon g'ilofi Silikon,Elektronika,959000.0,45,3.6,159,1755,5.0,100,2026-02-09
WB-100035,Qishki kurtka Oversize,Kiyim va poyabzal,260000.0,36,4.6,33,856,4.5,50,2026-07-10
WB-100036,Mexanik klaviatura RGB,Elektronika,500000.0,34,4.5,166,1810,4.8,10,2026-08-13
WB-100037,Ayollar ko'ylagi Vintage,Kiyim va poyabzal,466000.0,42,4.0,529,4023,4.4,100,2026-05-07
WB-100038,Powerbank 20000mAh,Elektronika,1359000.0,23,4.5,34,724,4.3,250,2025-12-22
WB-100039,USB Type-C kabel Tezkor,Elektronika,658000.0,39,4.4,19,801,4.7,50,2026-03-18
WB-100040,Uy shippagi Soft,Kiyim va poyabzal,407000.0,39,3.7,2,660,4.5,25,2026-01-21
WB-100041,Termo ichki kiyim,Sport va dam olish,368000.0,32,3.9,273,2141,4.9,50,2026-02-10
WB-100042,Oshxona tarozisi Elektron,Uy-ro'zg'or buyumlari,692000.0,53,4.4,284,2608,4.5,50,2025-10-30
WB-100043,Bluetooth karnay Mini,Elektronika,,23,5.0,57,925,4.4,0,2026-04-19
WB-100044,Sakrash arqoni Metall simli,Sport va dam olish,177000.0,69,4.9,4,1089,5.0,100,2025-11-08
WB-100045,Jinsi shim Slim Fit,Kiyim va poyabzal,474000.0,34,4.8,111,1513,4.2,10,2026-01-28
WB-100046,Mexanik klaviatura RGB,Elektronika,762000.0,33,4.4,140,1534,4.9,500,2026-08-07
WB-100047,Fitnes rezinkalar to'plami,Sport va dam olish,252000.0,22,4.6,84,942,4.2,0,2026-03-31
WB-100048,Chizmachilik to'plami 100+ dona,Bolalar tovarlari,287000.0,31,3.6,37,807,4.5,50,2026-06-21
WB-100049,Yumshoq ayiqcha Plush,Bolalar tovarlari,200000.0,11,4.7,101,1015,4.8,25,2025-11-23
WB-100050,USB Type-C kabel Tezkor,Elektronika,1594000.0,31,4.2,1,625,4.8,50,2026-06-02
WB-100051,Soch maskasi Keratin,Go'zallik va parvarish,215000.0,47,4.5,62,1069,4.4,100,2026-05-20
WB-100052,Tana skrabı Kofe,Go'zallik va parvarish,324000.0,33,4.8,15,721,4.8,500,2026-08-10
WB-100053,Tish tozalovchi kukun,Go'zallik va parvarish,440000.0,22,4.5,12,548,4.8,0,2026-08-19
WB-100054,Shaker Protein,Sport va dam olish,218000.0,55,4.3,167,1559,4.6,50,2026-04-04
WB-100055,Simsiz sichqoncha,Elektronika,276000.0,51,4.7,103,1549,5.0,25,2025-10-04
WB-100056,Idish yuvish geli 1L,Uy-ro'zg'or buyumlari,459000.0,15,4.1,57,818,4.9,50,2026-01-25
WB-100057,Yoga mat 6mm,Sport va dam olish,618000.0,37,4.7,129,1228,4.7,0,2026-03-19
WB-100058,Telefon g'ilofi Silikon,Elektronika,576000.0,28,5.0,8,619,5.0,100,2026-07-26
WB-100059,Jinsi shim Slim Fit,Kiyim va poyabzal,636000.0,58,4.1,8,932,5.0,100,2026-01-16
WB-100060,Mexanik klaviatura RGB,Elektronika,1701000.0,17,4.5,10,454,4.7,25,2025-09-04
WB-100061,Masofadan boshqariladigan mashina,Bolalar tovarlari,371000.0,60,4.6,206,2210,4.4,100,2026-07-21
WB-100062,Termo ichki kiyim,Sport va dam olish,427000.0,28,4.5,51,801,4.2,25,2026-03-20
WB-100063,Shaker Protein,Sport va dam olish,62000.0,44,4.6,14,884,4.2,0,2026-07-24
WB-100064,Sviter Casual,Kiyim va poyabzal,382000.0,35,4.0,171,1341,4.4,50,2026-08-14
WB-100065,Yuz zardobi Hyaluron,Go'zallik va parvarish,327000.0,34,4.6,62,927,4.5,0,2026-07-19
WB-100066,Choyshablar to'plami Satina,Uy-ro'zg'or buyumlari,538000.0,20,4.7,76,908,4.7,100,2026-05-09
WB-100067,Uy shippagi Soft,Kiyim va poyabzal,362000.0,37,4.2,0,675,4.3,250,2026-04-29
WB-100068,Tana skrabı Kofe,Go'zallik va parvarish,260000.0,19,4.4,46,645,4.3,10,2026-03-20
WB-100069,Bokal to'plami (6 dona),Uy-ro'zg'or buyumlari,308000.0,20,3.9,474,3184,4.7,100,2026-02-07
WB-100070,Avtomobil ushlagichi,Elektronika,1646000.0,43,4.5,245,2703,4.8,25,2026-02-11
WB-100071,Klassik kostyum-shim,Kiyim va poyabzal,819000.0,44,4.2,45,1051,4.1,0,2026-07-04
WB-100072,Sport sumkasi Suv o'tkazmaydigan,Sport va dam olish,496000.0,28,4.6,120,1432,4.7,0,2025-09-14
WB-100073,Mexanik klaviatura RGB,Elektronika,330000.0,15,4.4,188,1243,4.8,100,2026-08-06
WB-100074,Charm kamar,Kiyim va poyabzal,628000.0,13,4.6,275,1922,4.9,0,2026-04-05
WB-100075,Mexanik klaviatura RGB,Elektronika,1267000.0,22,4.6,885,7009,4.8,25,2026-06-12
WB-100076,Uy shippagi Soft,Kiyim va poyabzal,304000.0,14,4.3,163,978,4.4,25,2025-12-17
WB-100077,Tish tozalovchi kukun,Go'zallik va parvarish,132000.0,35,3.9,137,1212,4.8,0,2026-01-27
WB-100078,Powerbank 20000mAh,Elektronika,235000.0,28,5.0,23,628,4.4,100,2026-05-05
WB-100079,Simsiz sichqoncha,Elektronika,1744000.0,26,5.0,195,1685,4.8,10,2026-08-03
WB-100080,Shaker Protein,Sport va dam olish,263000.0,35,4.4,92,1142,4.3,100,2026-03-05
WB-100081,Jinsi shim Slim Fit,Kiyim va poyabzal,480000.0,8,3.9,47,578,4.3,50,2026-08-15
WB-100082,Erkaklar futbolkasi Basic,Kiyim va poyabzal,331000.0,28,4.5,261,1610,4.7,250,2026-08-13
WB-100083,Yostiq Ortopedik,Uy-ro'zg'or buyumlari,667000.0,19,4.0,114,1313,5.0,10,2026-04-06
WB-100084,Bluetooth karnay Mini,Elektronika,1016000.0,49,4.5,60,1107,4.9,50,2025-10-07
WB-100085,Yuz kremi Namlantiruvchi,Go'zallik va parvarish,46000.0,12,5.0,185,1224,4.3,100,2025-12-10
WB-100086,Idish yuvish geli 1L,Uy-ro'zg'or buyumlari,,40,4.3,16,789,4.9,0,2025-10-28
WB-100087,Klassik kostyum-shim,Kiyim va poyabzal,74000.0,34,4.7,65,926,4.7,25,2026-05-11
WB-100088,Paypoqlar to'plami (5 juft),Kiyim va poyabzal,99000.0,41,3.8,88,1190,4.6,50,2026-03-15
WB-100089,Oshxona tarozisi Elektron,Uy-ro'zg'or buyumlari,83000.0,52,4.7,8,882,4.4,25,2026-03-05
WB-100090,Tish tozalovchi kukun,Go'zallik va parvarish,208000.0,36,4.3,127,1562,4.4,50,2026-04-10
WB-100091,Plastilin to'plami,Bolalar tovarlari,276000.0,48,4.7,131,1519,5.0,0,2025-10-07
WB-100092,Klassik kostyum-shim,Kiyim va poyabzal,782000.0,16,4.3,98,915,4.8,250,2026-03-26
WB-100093,Taktik ryukzak 40L,Sport va dam olish,231000.0,49,4.8,20,954,4.4,100,2026-02-26
WB-100094,Uy shippagi Soft,Kiyim va poyabzal,812000.0,62,4.4,114,1744,4.7,500,2026-08-12
WB-100095,Organayzer javon,Uy-ro'zg'or buyumlari,694000.0,29,4.7,18,732,4.8,0,2025-10-07
WB-100096,Bluetooth karnay Mini,Elektronika,351000.0,29,4.8,340,2700,4.5,500,2026-07-04
WB-100097,Mexanik klaviatura RGB,Elektronika,915000.0,23,4.6,168,1169,4.7,250,2026-06-21
WB-100098,Uy shippagi Soft,Kiyim va poyabzal,936000.0,44,4.6,348,3183,4.4,0,2025-08-25
WB-100099,Sviter Casual,Kiyim va poyabzal,686000.0,6,4.5,196,1055,4.5,0,2026-04-14
WB-100100,Tish tozalovchi kukun,Go'zallik va parvarish,197000.0,27,4.3,62,1055,5.0,50,2026-08-10
WB-100101,Bolalar kolyaskasi Yengil,Bolalar tovarlari,287000.0,30,4.6,245,2279,5.0,0,2026-05-10
WB-100102,Klassik kostyum-shim,Kiyim va poyabzal,372000.0,55,4.4,19,960,4.8,10,2026-07-23
WB-100103,Soch maskasi Keratin,Go'zallik va parvarish,346000.0,36,4.1,309,2493,4.3,500,2026-07-09
WB-100104,Parfyum Elixir 50ml,Go'zallik va parvarish,363000.0,23,4.3,9,566,4.7,25,2025-09-30
WB-100105,Paypoqlar to'plami (5 juft),Kiyim va poyabzal,511000.0,16,4.6,188,1807,4.7,250,2025-11-26
WB-100106,Erkaklar futbolkasi Basic,Kiyim va poyabzal,461000.0,45,3.9,484,2620,4.5,250,2026-04-03
WB-100107,Tana skrabı Kofe,Go'zallik va parvarish,183000.0,31,4.9,49,928,4.2,0,2026-02-06
WB-100108,Ring Light lampa,Elektronika,1582000.0,25,4.9,18,667,4.5,50,2025-10-27
WB-100109,Mexanik klaviatura RGB,Elektronika,1187000.0,31,4.7,145,1779,4.6,0,2026-07-18
WB-100110,Qishki kurtka Oversize,Kiyim va poyabzal,220000.0,43,5.0,79,1128,4.7,500,2025-10-12
WB-100111,Choyshablar to'plami Satina,Uy-ro'zg'or buyumlari,57000.0,21,5.0,16,604,5.0,500,2026-07-07
WB-100112,Mexanik klaviatura RGB,Elektronika,707000.0,27,3.6,113,1299,4.4,10,2026-01-27
WB-100113,Sport sumkasi Suv o'tkazmaydigan,Sport va dam olish,264000.0,75,4.2,74,1452,4.8,10,2025-12-02
WB-100114,Simsiz sichqoncha,Elektronika,1583000.0,28,4.4,224,2196,5.0,25,2026-04-09
WB-100115,Telefon g'ilofi Silikon,Elektronika,1485000.0,60,4.0,64,1254,4.8,0,2026-03-01
WB-100116,Klassik kostyum-shim,Kiyim va poyabzal,,43,4.7,212,2180,4.9,50,2026-07-03
WB-100117,Powerbank 20000mAh,Elektronika,1024000.0,32,4.1,14,663,4.7,50,2026-07-15
WB-100118,Charm kamar,Kiyim va poyabzal,591000.0,52,4.5,33,965,4.7,10,2026-06-10
WB-100119,Klassik kostyum-shim,Kiyim va poyabzal,120000.0,17,4.4,534,3613,4.8,250,2026-03-08
WB-100120,Ayollar ko'ylagi Vintage,Kiyim va poyabzal,367000.0,32,4.0,177,1796,4.7,100,2026-02-11
WB-100121,Oshxona tarozisi Elektron,Uy-ro'zg'or buyumlari,736000.0,25,4.5,17,649,4.6,10,2025-09-13
WB-100122,USB Type-C kabel Tezkor,Elektronika,966000.0,53,4.5,35,1113,4.8,500,2025-09-15
WB-100123,Klassik kostyum-shim,Kiyim va poyabzal,449000.0,21,4.7,376,2391,5.0,25,2026-05-14
WB-100124,Mexanik klaviatura RGB,Elektronika,1116000.0,43,4.1,46,898,4.4,100,2026-03-28
WB-100125,Bluetooth karnay Mini,Elektronika,1138000.0,15,4.7,188,1114,4.4,100,2026-08-04
WB-100126,Bolalar futbolkasi Paxta,Bolalar tovarlari,64000.0,58,4.7,54,1191,4.5,250,2026-04-09
WB-100127,Idish yuvish geli 1L,Uy-ro'zg'or buyumlari,129000.0,26,4.7,39,867,4.6,100,2026-03-08
WB-100128,Oshxona tarozisi Elektron,Uy-ro'zg'or buyumlari,184000.0,17,4.2,791,3908,4.7,10,2026-08-22
WB-100129,Havo tozalagich diffuzor,Uy-ro'zg'or buyumlari,511000.0,30,4.1,41,790,4.9,250,2026-07-14
WB-100130,Jinsi shim Slim Fit,Kiyim va poyabzal,765000.0,36,4.9,53,944,4.7,10,2026-07-01
WB-100131,Simsiz sichqoncha,Elektronika,984000.0,38,3.9,9,719,4.4,250,2026-05-13
WB-100132,Idish yuvish geli 1L,Uy-ro'zg'or buyumlari,161000.0,50,4.4,289,1917,4.7,10,2025-11-12
WB-100133,Avtomobil ushlagichi,Elektronika,1619000.0,41,4.3,120,1443,4.8,100,2025-10-08
WB-100134,Gantellar to'plami 2x5kg,Sport va dam olish,144000.0,12,4.0,49,767,4.7,0,2025-09-14
WB-100135,Telefon g'ilofi Silikon,Elektronika,1399000.0,16,4.8,82,940,5.0,50,2025-12-25
WB-100136,Smart soat Pro,Elektronika,1264000.0,43,4.8,74,1154,5.0,25,2026-02-14
WB-100137,Avtomobil ushlagichi,Elektronika,263000.0,35,4.7,71,997,4.8,500,2026-07-03
WB-100138,Sakrash arqoni Metall simli,Sport va dam olish,610000.0,33,4.3,20,737,4.7,50,2025-09-02
WB-100139,Yuz zardobi Hyaluron,Go'zallik va parvarish,116000.0,32,4.6,81,1210,4.4,100,2025-08-26
WB-100140,Bolalar butilkasi Anti-kolik,Bolalar tovarlari,469000.0,24,4.8,101,964,4.6,100,2026-04-09
WB-100141,Taktik ryukzak 40L,Sport va dam olish,112000.0,49,4.4,190,1800,4.4,10,2026-06-26
WB-100142,Krossovka Sport Run,Kiyim va poyabzal,695000.0,41,4.1,19,878,5.0,25,2025-11-13
WB-100143,Masofadan boshqariladigan mashina,Bolalar tovarlari,232000.0,43,4.1,148,1455,4.4,250,2025-10-17
WB-100144,Mikrofibra sochiqlar to'plami,Uy-ro'zg'or buyumlari,460000.0,32,5.0,429,3253,4.7,50,2025-11-17
WB-100145,Bokal to'plami (6 dona),Uy-ro'zg'or buyumlari,136000.0,33,4.4,355,2057,4.6,10,2026-03-21
WB-100146,Oshxona tarozisi Elektron,Uy-ro'zg'or buyumlari,658000.0,34,4.4,17,695,4.9,100,2026-03-02
WB-100147,Sakrash arqoni Metall simli,Sport va dam olish,373000.0,21,3.9,137,1430,4.9,10,2026-01-11
WB-100148,Velosiped chirog'i LED,Sport va dam olish,510000.0,28,4.0,80,955,4.4,250,2026-01-09
WB-100149,Qo'l kremi Mini,Go'zallik va parvarish,373000.0,61,4.3,41,1146,4.4,50,2026-07-23
WB-100150,Sviter Casual,Kiyim va poyabzal,301000.0,23,4.4,13,591,4.7,100,2025-12-15
WB-100151,Simsiz sichqoncha,Elektronika,253000.0,35,4.5,95,1340,4.9,50,2026-04-23
WB-100152,USB Type-C kabel Tezkor,Elektronika,1191000.0,40,4.4,102,1300,4.0,10,2026-03-23
WB-100153,Termo ichki kiyim,Sport va dam olish,521000.0,44,5.0,246,1975,4.6,100,2025-10-15
WB-100154,Quyoshdan himoya kremi SPF50,Go'zallik va parvarish,248000.0,41,4.4,84,1121,4.4,250,2026-04-13
WB-100155,Klassik kostyum-shim,Kiyim va poyabzal,764000.0,12,4.3,23,565,4.3,100,2026-02-05
WB-100156,Krossovka Sport Run,Kiyim va poyabzal,,36,4.5,58,979,4.8,100,2026-06-11
WB-100157,Mikrofibra sochiqlar to'plami,Uy-ro'zg'or buyumlari,511000.0,26,4.5,139,1632,4.3,250,2025-10-21
WB-100158,Telefon g'ilofi Silikon,Elektronika,457000.0,40,4.7,165,1723,4.8,50,2026-05-24
WB-100159,Idish yuvish geli 1L,Uy-ro'zg'or buyumlari,659000.0,49,4.7,145,1377,4.6,100,2026-05-07
WB-100160,Sviter Casual,Kiyim va poyabzal,453000.0,24,4.0,80,1095,4.6,10,2026-05-11
WB-100161,Parfyum Elixir 50ml,Go'zallik va parvarish,332000.0,13,4.9,164,1420,4.7,0,2026-05-26
WB-100162,Charm kamar,Kiyim va poyabzal,88000.0,13,4.8,174,1760,4.4,50,2026-04-08
WB-100163,Avtomobil ushlagichi,Elektronika,309000.0,39,4.4,592,3851,5.0,500,2025-08-23
WB-100164,Quyoshdan himoya kremi SPF50,Go'zallik va parvarish,205000.0,27,4.7,74,888,5.0,500,2025-10-18
WB-100165,Yuz kremi Namlantiruvchi,Go'zallik va parvarish,127000.0,53,4.7,70,1341,4.5,0,2026-03-15
WB-100166,Mikrofibra sochiqlar to'plami,Uy-ro'zg'or buyumlari,131000.0,45,4.5,297,2549,4.4,500,2026-02-02
WB-100167,Shaker Protein,Sport va dam olish,175000.0,33,4.6,355,3301,4.4,50,2026-06-02
WB-100168,Termo ichki kiyim,Sport va dam olish,519000.0,28,4.8,19,677,4.3,500,2025-12-15
WB-100169,Konstruktor Lego mos keluvchi,Bolalar tovarlari,357000.0,53,4.4,17,948,4.9,50,2026-02-27
WB-100170,Qishki kurtka Oversize,Kiyim va poyabzal,396000.0,31,4.4,9,636,4.4,10,2026-04-24
WB-100171,Simsiz quloqchin TWS,Elektronika,444000.0,44,5.0,164,1935,4.4,250,2025-12-04
WB-100172,USB Type-C kabel Tezkor,Elektronika,735000.0,21,4.4,36,677,4.6,250,2026-04-19
WB-100173,Klassik kostyum-shim,Kiyim va poyabzal,428000.0,25,4.4,18,634,4.5,50,2026-01-20
WB-100174,Telefon g'ilofi Silikon,Elektronika,939000.0,22,4.1,35,757,4.5,50,2026-04-14
WB-100175,Sviter Casual,Kiyim va poyabzal,495000.0,51,,123,1334,4.7,500,2026-07-30
WB-100176,Jinsi shim Slim Fit,Kiyim va poyabzal,120000.0,41,,73,975,4.2,50,2026-07-25
WB-100177,Yuz kremi Namlantiruvchi,Go'zallik va parvarish,32000.0,31,4.1,40,809,4.3,10,2025-10-15
WB-100178,Paypoqlar to'plami (5 juft),Kiyim va poyabzal,529000.0,39,4.2,60,975,4.8,250,2025-12-15
WB-100179,Erkaklar futbolkasi Basic,Kiyim va poyabzal,143000.0,21,4.8,6,526,4.9,50,2026-07-18
WB-100180,Yumshoq ayiqcha Plush,Bolalar tovarlari,542000.0,44,4.4,277,2571,4.5,0,2026-08-07
WB-100181,Yuz kremi Namlantiruvchi,Go'zallik va parvarish,101000.0,36,4.4,27,785,4.2,0,2026-01-22
WB-100182,Plastilin to'plami,Bolalar tovarlari,421000.0,20,4.4,161,1599,4.5,250,2026-02-15
WB-100183,Bolalar butilkasi Anti-kolik,Bolalar tovarlari,381000.0,19,4.2,416,2489,4.3,50,2026-04-30
WB-100184,Powerbank 20000mAh,Elektronika,1249000.0,31,4.4,115,1411,4.5,10,2026-03-04
WB-100185,Havo tozalagich diffuzor,Uy-ro'zg'or buyumlari,290000.0,65,5.0,70,1521,4.7,50,2026-04-08
WB-100186,Ayollar ko'ylagi Vintage,Kiyim va poyabzal,375000.0,51,4.8,47,1094,4.8,0,2026-06-04
WB-100187,Lab bo'yog'i Matte,Go'zallik va parvarish,316000.0,40,4.7,37,879,4.8,25,2026-04-26
WB-100188,Suv idishi Sport 750ml,Sport va dam olish,402000.0,37,4.7,43,1002,4.9,500,2026-02-06
WB-100189,Masofadan boshqariladigan mashina,Bolalar tovarlari,121000.0,19,5.0,26,657,4.5,25,2026-08-12
WB-100190,Havo tozalagich diffuzor,Uy-ro'zg'or buyumlari,301000.0,41,4.2,14,773,4.4,250,2026-05-30
WB-100191,Sport sumkasi Suv o'tkazmaydigan,Sport va dam olish,307000.0,29,5.0,205,2029,4.8,250,2026-01-24
WB-100192,Bokal to'plami (6 dona),Uy-ro'zg'or buyumlari,83000.0,52,4.5,61,1233,4.4,100,2025-09-09
WB-100193,Pampers to'plami XL,Bolalar tovarlari,375000.0,41,4.4,34,952,4.9,100,2026-07-18
WB-100194,Bokal to'plami (6 dona),Uy-ro'zg'or buyumlari,106000.0,43,4.6,164,1730,4.4,25,2026-03-10
WB-100195,Yostiq Ortopedik,Uy-ro'zg'or buyumlari,278000.0,41,4.5,64,1258,5.0,10,2026-02-16
WB-100196,Charm kamar,Kiyim va poyabzal,370000.0,54,4.8,72,1194,4.7,0,2026-02-13
WB-100197,Jinsi shim Slim Fit,Kiyim va poyabzal,519000.0,22,4.4,66,866,4.3,10,2026-07-15
WB-100198,Termos 1L zanglamas,Uy-ro'zg'or buyumlari,354000.0,33,4.5,29,753,4.2,100,2025-10-13
WB-100199,Telefon g'ilofi Silikon,Elektronika,867000.0,32,5.0,90,1185,4.4,100,2025-10-19
WB-100200,Parfyum Elixir 50ml,Go'zallik va parvarish,415000.0,16,4.2,45,630,4.8,10,2026-05-10
WB-100201,Qo'l kremi Mini,Go'zallik va parvarish,104000.0,19,4.1,124,1412,4.5,10,2025-11-25
WB-100202,Klassik kostyum-shim,Kiyim va poyabzal,907000.0,25,4.5,58,867,4.4,50,2026-03-22
WB-100203,Paypoqlar to'plami (5 juft),Kiyim va poyabzal,87000.0,35,4.2,38,873,4.8,250,2026-05-02
WB-100204,Sviter Casual,Kiyim va poyabzal,793000.0,16,5.0,5,417,4.4,0,2026-07-22
WB-100205,Suv idishi Sport 750ml,Sport va dam olish,200000.0,39,4.4,240,1665,4.4,250,2026-06-19
WB-100206,Qo'l kremi Mini,Go'zallik va parvarish,96000.0,41,4.7,27,822,4.8,100,2025-11-16
WB-100207,USB Type-C kabel Tezkor,Elektronika,1718000.0,5,4.4,202,1116,4.3,0,2026-01-10
WB-100208,Bolalar kolyaskasi Yengil,Bolalar tovarlari,126000.0,30,4.7,222,1785,4.9,250,2026-03-22
WB-100209,Oshxona pichoqlar to'plami,Uy-ro'zg'or buyumlari,320000.0,34,4.0,251,1983,4.6,500,2025-10-08
WB-100210,Havo tozalagich diffuzor,Uy-ro'zg'or buyumlari,642000.0,39,4.2,413,3646,4.6,25,2026-02-10
WB-100211,Bolalar butilkasi Anti-kolik,Bolalar tovarlari,541000.0,35,4.4,118,1549,4.7,10,2026-04-04
WB-100212,Powerbank 20000mAh,Elektronika,1597000.0,25,5.0,251,1528,4.7,250,2026-07-20
WB-100213,Telefon g'ilofi Silikon,Elektronika,,40,4.6,28,801,4.4,50,2025-08-26
WB-100214,Uy shippagi Soft,Kiyim va poyabzal,678000.0,24,4.5,11,611,4.7,25,2025-10-31
WB-100215,Chizmachilik to'plami 100+ dona,Bolalar tovarlari,83000.0,16,4.3,21,528,5.0,50,2026-07-03
WB-100216,Ayollar ko'ylagi Vintage,Kiyim va poyabzal,185000.0,52,4.9,51,1150,4.4,250,2025-10-04
WB-100217,Organayzer javon,Uy-ro'zg'or buyumlari,591000.0,24,3.9,128,1092,4.6,250,2026-03-10
WB-100218,Bolalar kolyaskasi Yengil,Bolalar tovarlari,320000.0,48,4.8,108,1511,4.5,25,2025-10-28
WB-100219,Avtomobil ushlagichi,Elektronika,1255000.0,37,3.6,176,1281,4.7,0,2025-09-21
WB-100220,Avtomobil ushlagichi,Elektronika,1399000.0,21,4.7,122,1216,4.7,0,2026-05-10
WB-100221,Klassik kostyum-shim,Kiyim va poyabzal,408000.0,16,4.0,137,912,4.2,500,2025-12-22
WB-100222,Simsiz sichqoncha,Elektronika,1133000.0,55,4.7,128,1458,4.6,0,2025-11-13
WB-100223,Parfyum Elixir 50ml,Go'zallik va parvarish,96000.0,53,4.9,37,1159,4.5,500,2026-03-29
WB-100224,Idish yuvish geli 1L,Uy-ro'zg'or buyumlari,482000.0,17,4.5,6,484,4.7,500,2025-10-13
WB-100225,Sviter Casual,Kiyim va poyabzal,62000.0,36,4.5,5,698,4.5,500,2025-09-09
WB-100226,Bokal to'plami (6 dona),Uy-ro'zg'or buyumlari,192000.0,35,5.0,46,992,4.5,250,2025-09-17
WB-100227,Termo ichki kiyim,Sport va dam olish,82000.0,23,4.6,223,1616,4.6,10,2026-01-18
WB-100228,Soch maskasi Keratin,Go'zallik va parvarish,182000.0,80,4.3,179,2364,4.5,10,2025-08-25
WB-100229,Yuz kremi Namlantiruvchi,Go'zallik va parvarish,429000.0,56,4.5,226,2452,4.8,10,2026-03-24
WB-100230,Velosiped chirog'i LED,Sport va dam olish,97000.0,63,4.1,88,1517,5.0,0,2026-06-15
WB-100231,Yumshoq ayiqcha Plush,Bolalar tovarlari,374000.0,55,4.7,16,1002,4.1,50,2026-08-15
WB-100232,Yuz zardobi Hyaluron,Go'zallik va parvarish,57000.0,42,5.0,105,1206,4.8,50,2025-10-22
WB-100233,Qishki kurtka Oversize,Kiyim va poyabzal,472000.0,38,4.4,197,1633,4.3,10,2026-02-05
WB-100234,Termo ichki kiyim,Sport va dam olish,353000.0,29,4.3,561,2593,4.8,250,2026-05-30
WB-100235,Chizmachilik to'plami 100+ dona,Bolalar tovarlari,112000.0,59,4.7,30,1053,4.8,250,2025-10-04
WB-100236,Konstruktor Lego mos keluvchi,Bolalar tovarlari,598000.0,41,5.0,198,1537,4.2,0,2025-09-12
WB-100237,Termo ichki kiyim,Sport va dam olish,541000.0,32,4.6,137,1206,4.8,25,2026-04-07
WB-100238,Yuz zardobi Hyaluron,Go'zallik va parvarish,300000.0,5,4.5,78,578,4.8,250,2026-05-18
WB-100239,Yuz kremi Namlantiruvchi,Go'zallik va parvarish,445000.0,37,4.2,94,1216,4.4,50,2026-01-07
WB-100240,Qishki kurtka Oversize,Kiyim va poyabzal,112000.0,53,4.5,174,2266,4.6,250,2025-12-23
WB-100241,Fitnes rezinkalar to'plami,Sport va dam olish,506000.0,53,4.4,486,3469,4.3,10,2025-11-20
WB-100242,Havo tozalagich diffuzor,Uy-ro'zg'or buyumlari,688000.0,57,4.6,353,3036,4.5,500,2026-05-01
WB-100243,Erkaklar futbolkasi Basic,Kiyim va poyabzal,267000.0,38,4.9,0,705,4.7,250,2025-11-20
WB-100244,Simsiz quloqchin TWS,Elektronika,334000.0,32,4.3,14,683,4.7,250,2026-07-27
WB-100245,Powerbank 20000mAh,Elektronika,1758000.0,33,4.1,122,1291,5.0,100,2026-08-12
WB-100246,Ring Light lampa,Elektronika,1481000.0,17,4.9,41,657,4.6,100,2026-03-10
WB-100247,Lab bo'yog'i Matte,Go'zallik va parvarish,281000.0,69,4.1,29,1227,4.5,250,2025-09-30
WB-100248,Ayollar ko'ylagi Vintage,Kiyim va poyabzal,791000.0,23,4.0,49,667,5.0,25,2025-12-31
WB-100249,Charm kamar,Kiyim va poyabzal,712000.0,65,4.4,81,1418,4.6,50,2026-06-13
WB-100250,Ayollar ko'ylagi Vintage,Kiyim va poyabzal,771000.0,37,4.5,36,794,5.0,10,2025-09-29
WB-100251,Paypoqlar to'plami (5 juft),Kiyim va poyabzal,937000.0,53,4.2,67,1268,4.4,0,2025-10-12
WB-100252,Avtomobil ushlagichi,Elektronika,1322000.0,33,4.2,39,816,4.7,500,2026-04-30
WB-100253,USB Type-C kabel Tezkor,Elektronika,1497000.0,22,4.2,12,499,4.1,50,2025-10-20
WB-100254,Parfyum Elixir 50ml,Go'zallik va parvarish,64000.0,25,4.4,260,1853,4.7,50,2026-01-03
WB-100255,Ayollar ko'ylagi Vintage,Kiyim va poyabzal,136000.0,24,4.9,423,3100,4.4,500,2026-05-16
WB-100256,Bolalar futbolkasi Paxta,Bolalar tovarlari,363000.0,36,4.8,60,1139,4.7,100,2026-06-10
WB-100257,Charm kamar,Kiyim va poyabzal,214000.0,74,4.4,198,1866,4.9,50,2025-12-03
WB-100258,Rivojlantiruvchi taxta Busyboard,Bolalar tovarlari,222000.0,31,,10,600,4.4,100,2026-04-13
WB-100259,Idish yuvish geli 1L,Uy-ro'zg'or buyumlari,406000.0,21,4.7,19,609,4.0,0,2026-06-06
WB-100260,Bolalar butilkasi Anti-kolik,Bolalar tovarlari,532000.0,33,5.0,101,1224,4.8,100,2026-06-29
WB-100261,Bluetooth karnay Mini,Elektronika,1268000.0,51,4.6,37,1018,5.0,25,2026-01-12
WB-100262,Termos 1L zanglamas,Uy-ro'zg'or buyumlari,127000.0,51,4.4,209,1797,4.8,10,2026-04-05
WB-100263,Choyshablar to'plami Satina,Uy-ro'zg'or buyumlari,654000.0,42,4.1,20,805,4.6,500,2026-05-17
WB-100264,Jinsi shim Slim Fit,Kiyim va poyabzal,805000.0,35,4.9,300,2661,5.0,100,2026-03-13
WB-100265,Klassik kostyum-shim,Kiyim va poyabzal,495000.0,5,4.8,77,741,5.0,25,2026-08-09
WB-100266,Paypoqlar to'plami (5 juft),Kiyim va poyabzal,,37,4.7,30,800,4.4,500,2026-08-06
WB-100267,Tish tozalovchi kukun,Go'zallik va parvarish,365000.0,38,5.0,343,3002,4.4,50,2026-02-16
WB-100268,Avtomobil ushlagichi,Elektronika,1498000.0,29,4.6,85,1143,4.4,250,2026-06-22
WB-100269,Ayollar ko'ylagi Vintage,Kiyim va poyabzal,359000.0,32,4.8,38,898,4.5,10,2025-11-06
WB-100270,Paypoqlar to'plami (5 juft),Kiyim va poyabzal,420000.0,31,4.7,3,614,5.0,50,2026-03-08
WB-100271,Sport sumkasi Suv o'tkazmaydigan,Sport va dam olish,249000.0,29,4.0,122,1263,4.5,25,2025-11-17
WB-100272,Ayollar ko'ylagi Vintage,Kiyim va poyabzal,479000.0,33,3.9,98,1387,4.4,250,2025-10-06
WB-100273,Plastilin to'plami,Bolalar tovarlari,482000.0,29,4.7,41,847,4.7,100,2026-06-15
WB-100274,Pampers to'plami XL,Bolalar tovarlari,111000.0,27,4.1,63,1041,5.0,25,2026-03-19
WB-100275,Gantellar to'plami 2x5kg,Sport va dam olish,233000.0,29,3.9,80,1073,4.9,0,2026-04-10
WB-100276,Krossovka Sport Run,Kiyim va poyabzal,496000.0,35,4.4,114,1327,5.0,50,2025-08-24
WB-100277,Simsiz quloqchin TWS,Elektronika,1614000.0,35,4.1,2,639,4.4,25,2026-01-28
WB-100278,Lab bo'yog'i Matte,Go'zallik va parvarish,53000.0,70,4.7,73,1483,4.6,250,2025-10-29
WB-100279,Telefon g'ilofi Silikon,Elektronika,364000.0,57,4.1,2,920,4.6,0,2026-06-19
WB-100280,Mikrofibra sochiqlar to'plami,Uy-ro'zg'or buyumlari,300000.0,18,4.0,117,1157,4.6,500,2025-09-01
WB-100281,Smart soat Pro,Elektronika,1021000.0,26,4.5,142,1432,4.9,250,2026-05-15
WB-100282,Ayollar ko'ylagi Vintage,Kiyim va poyabzal,515000.0,25,4.3,184,1551,4.3,500,2026-05-16
WB-100283,Powerbank 20000mAh,Elektronika,148000.0,24,4.5,324,2163,4.6,0,2026-06-11
WB-100284,Sviter Casual,Kiyim va poyabzal,127000.0,29,3.8,124,1254,4.6,0,2025-10-12
WB-100285,Bolalar butilkasi Anti-kolik,Bolalar tovarlari,490000.0,25,5.0,11,663,4.7,250,2026-07-19
WB-100286,Ring Light lampa,Elektronika,541000.0,33,4.2,50,796,4.8,500,2026-03-07
WB-100287,Powerbank 20000mAh,Elektronika,274000.0,33,4.4,342,2041,4.8,500,2026-06-09
WB-100288,Bluetooth karnay Mini,Elektronika,1132000.0,55,4.0,155,2011,4.6,50,2026-04-04
WB-100289,Avtomobil ushlagichi,Elektronika,1400000.0,17,4.3,457,3390,4.9,250,2026-07-04
WB-100290,Klassik kostyum-shim,Kiyim va poyabzal,651000.0,29,4.3,210,2145,4.6,10,2026-05-07
WB-100291,Yumshoq ayiqcha Plush,Bolalar tovarlari,462000.0,29,4.8,39,796,4.5,500,2025-12-20
WB-100292,Shampun Sulfatsiz,Go'zallik va parvarish,,27,4.6,82,1102,4.8,100,2026-05-30
WB-100293,Tish tozalovchi kukun,Go'zallik va parvarish,296000.0,49,4.2,127,1491,5.0,500,2025-12-14
WB-100294,Idish yuvish geli 1L,Uy-ro'zg'or buyumlari,371000.0,21,4.0,14,562,4.8,500,2026-07-12
WB-100295,Shampun Sulfatsiz,Go'zallik va parvarish,44000.0,39,4.7,151,1746,4.8,10,2025-10-22
WB-100296,Yuz zardobi Hyaluron,Go'zallik va parvarish,330000.0,47,4.7,313,3047,4.4,50,2026-04-13
WB-100297,Charm kamar,Kiyim va poyabzal,64000.0,33,4.1,68,1058,4.4,10,2026-08-11
WB-100298,Uy shippagi Soft,Kiyim va poyabzal,645000.0,24,4.3,255,1859,4.4,10,2026-01-09
WB-100299,Powerbank 20000mAh,Elektronika,318000.0,9,4.1,86,932,4.5,250,2026-06-01
WB-100300,Parfyum Elixir 50ml,Go'zallik va parvarish,317000.0,42,4.4,148,1908,4.9,250,2026-02-03
WB-100301,Tish tozalovchi kukun,Go'zallik va parvarish,268000.0,27,4.2,165,1735,5.0,500,2025-08-28
WB-100302,Erkaklar futbolkasi Basic,Kiyim va poyabzal,238000.0,35,4.3,40,843,4.3,25,2025-12-04
WB-100303,Yumshoq ayiqcha Plush,Bolalar tovarlari,387000.0,26,4.1,30,700,4.8,500,2026-08-13
WB-100304,Termo ichki kiyim,Sport va dam olish,294000.0,40,4.0,405,2205,4.4,500,2026-04-05
WB-100305,Havo tozalagich diffuzor,Uy-ro'zg'or buyumlari,574000.0,15,4.4,179,1805,4.8,250,2025-09-29
WB-100306,Qo'l kremi Mini,Go'zallik va parvarish,42000.0,32,4.8,21,801,4.6,10,2025-09-11
WB-100307,Paypoqlar to'plami (5 juft),Kiyim va poyabzal,810000.0,26,5.0,95,919,4.3,10,2026-05-15
WB-100308,Avtomobil ushlagichi,Elektronika,774000.0,16,5.0,130,1077,5.0,100,2026-05-20
WB-100309,Mikrofibra sochiqlar to'plami,Uy-ro'zg'or buyumlari,113000.0,28,4.7,123,1513,4.7,25,2026-03-05
WB-100310,Avtomobil ushlagichi,Elektronika,1325000.0,52,4.6,176,1858,4.6,25,2026-07-21
WB-100311,Gantellar to'plami 2x5kg,Sport va dam olish,633000.0,37,4.1,118,1173,4.5,250,2026-03-27
WB-100312,Plastilin to'plami,Bolalar tovarlari,404000.0,58,4.3,20,1025,4.7,0,2025-11-21
WB-100313,Yuz zardobi Hyaluron,Go'zallik va parvarish,412000.0,21,4.7,62,787,4.7,0,2026-07-16
WB-100314,Mikrofibra sochiqlar to'plami,Uy-ro'zg'or buyumlari,535000.0,65,4.9,13,1114,4.7,500,2026-04-03
WB-100315,Krossovka Sport Run,Kiyim va poyabzal,535000.0,44,4.8,191,1918,4.6,250,2026-07-19
WB-100316,Quyoshdan himoya kremi SPF50,Go'zallik va parvarish,85000.0,53,4.6,60,1239,4.7,250,2026-02-14
WB-100317,Chizmachilik to'plami 100+ dona,Bolalar tovarlari,134000.0,40,5.0,25,849,4.1,500,2026-05-30
WB-100318,Smart soat Pro,Elektronika,511000.0,41,4.9,363,2584,4.4,25,2026-07-05
WB-100319,Tana skrabı Kofe,Go'zallik va parvarish,287000.0,28,4.9,100,1087,4.8,0,2026-01-29
WB-100320,Bokal to'plami (6 dona),Uy-ro'zg'or buyumlari,229000.0,20,4.9,48,725,4.7,50,2026-05-31
WB-100321,Qishki kurtka Oversize,Kiyim va poyabzal,824000.0,46,4.8,36,1070,4.6,0,2026-05-08
WB-100322,Tish tozalovchi kukun,Go'zallik va parvarish,115000.0,46,4.6,269,2374,4.5,50,2025-12-14
WB-100323,Chizmachilik to'plami 100+ dona,Bolalar tovarlari,303000.0,19,4.5,83,1016,4.2,100,2026-08-07
WB-100324,Powerbank 20000mAh,Elektronika,1054000.0,7,4.2,18,429,4.6,500,2026-04-28
WB-100325,Jinsi shim Slim Fit,Kiyim va poyabzal,521000.0,38,4.2,299,2934,4.7,0,2026-08-17
WB-100326,USB Type-C kabel Tezkor,Elektronika,1075000.0,21,4.4,57,834,4.5,25,2026-03-02
WB-100327,Bluetooth karnay Mini,Elektronika,917000.0,14,4.6,83,748,4.7,250,2026-01-12
WB-100328,Smart soat Pro,Elektronika,1217000.0,23,4.7,14,579,4.6,250,2026-03-20
WB-100329,Lab bo'yog'i Matte,Go'zallik va parvarish,82000.0,5,4.4,19,388,4.5,50,2026-06-24
WB-100330,Rivojlantiruvchi taxta Busyboard,Bolalar tovarlari,571000.0,39,5.0,76,1152,4.9,10,2026-06-16
WB-100331,Organayzer javon,Uy-ro'zg'or buyumlari,151000.0,21,3.8,108,857,4.7,0,2025-12-03
WB-100332,Yostiq Ortopedik,Uy-ro'zg'or buyumlari,466000.0,49,5.0,109,1617,4.5,0,2026-04-25
WB-100333,Yuz kremi Namlantiruvchi,Go'zallik va parvarish,406000.0,38,4.0,88,1144,4.7,10,2026-04-25
WB-100334,Tish tozalovchi kukun,Go'zallik va parvarish,67000.0,46,4.8,31,1013,5.0,50,2025-12-31
WB-100335,Idish yuvish geli 1L,Uy-ro'zg'or buyumlari,406000.0,20,4.5,27,654,4.7,50,2026-07-21
WB-100336,Tish tozalovchi kukun,Go'zallik va parvarish,180000.0,31,5.0,168,1527,4.3,25,2026-06-04
WB-100337,Bluetooth karnay Mini,Elektronika,1412000.0,28,4.6,239,1539,5.0,10,2025-10-12
WB-100338,Avtomobil ushlagichi,Elektronika,1136000.0,33,4.4,59,1009,4.2,50,2026-06-25
WB-100339,Ayollar ko'ylagi Vintage,Kiyim va poyabzal,602000.0,29,3.7,61,927,5.0,0,2025-11-19
WB-100340,Sviter Casual,Kiyim va poyabzal,,54,4.6,87,1279,4.7,10,2026-07-23
WB-100341,Termo ichki kiyim,Sport va dam olish,255000.0,19,4.8,87,1070,4.6,25,2026-06-04
WB-100342,Velosiped chirog'i LED,Sport va dam olish,178000.0,51,4.4,62,1067,4.9,100,2025-09-28
WB-100343,Sviter Casual,Kiyim va poyabzal,911000.0,54,4.0,102,1558,4.5,500,2025-12-24
WB-100344,Soch maskasi Keratin,Go'zallik va parvarish,406000.0,46,4.2,35,956,4.4,250,2025-12-17
WB-100345,Avtomobil ushlagichi,Elektronika,97000.0,40,4.3,11,777,4.5,10,2026-04-22
WB-100346,Lab bo'yog'i Matte,Go'zallik va parvarish,428000.0,21,3.8,82,810,4.1,10,2025-12-17
WB-100347,Lab bo'yog'i Matte,Go'zallik va parvarish,356000.0,39,4.6,374,2879,4.6,0,2026-04-25
WB-100348,Masofadan boshqariladigan mashina,Bolalar tovarlari,527000.0,5,4.6,297,1712,4.9,0,2026-05-18
WB-100349,Quyoshdan himoya kremi SPF50,Go'zallik va parvarish,173000.0,51,4.0,73,1099,4.6,0,2025-08-28
WB-100350,Klassik kostyum-shim,Kiyim va poyabzal,605000.0,33,4.9,32,807,4.4,50,2026-03-27
WB-100351,Mexanik klaviatura RGB,Elektronika,561000.0,38,4.7,102,1168,4.7,10,2026-06-02
WB-100352,Krossovka Sport Run,Kiyim va poyabzal,481000.0,50,4.5,17,940,4.4,25,2026-04-28
WB-100353,Qo'l kremi Mini,Go'zallik va parvarish,67000.0,40,4.7,35,999,4.8,25,2026-02-22
WB-100354,Bolalar butilkasi Anti-kolik,Bolalar tovarlari,56000.0,56,5.0,395,2632,4.4,10,2026-01-14
WB-100355,Soch maskasi Keratin,Go'zallik va parvarish,403000.0,25,4.7,119,1050,5.0,25,2026-03-25
WB-100356,Yumshoq ayiqcha Plush,Bolalar tovarlari,89000.0,27,4.8,127,1400,4.4,50,2026-02-23
WB-100357,Lab bo'yog'i Matte,Go'zallik va parvarish,103000.0,58,4.6,130,1932,4.5,10,2026-03-13
WB-100358,Pampers to'plami XL,Bolalar tovarlari,75000.0,37,4.1,662,3278,4.5,50,2026-01-27
WB-100359,Powerbank 20000mAh,Elektronika,306000.0,36,4.4,130,1605,4.9,500,2026-05-25
WB-100360,Sviter Casual,Kiyim va poyabzal,218000.0,17,4.2,121,1124,4.5,25,2026-02-15
WB-100361,Qishki kurtka Oversize,Kiyim va poyabzal,,34,4.8,0,660,4.4,50,2026-05-22
WB-100362,Suv idishi Sport 750ml,Sport va dam olish,223000.0,37,3.9,109,1409,4.6,100,2026-04-02
WB-100363,Bokal to'plami (6 dona),Uy-ro'zg'or buyumlari,626000.0,36,4.6,117,1356,4.3,250,2026-08-07
WB-100364,Parfyum Elixir 50ml,Go'zallik va parvarish,200000.0,40,4.3,41,951,4.5,100,2026-04-30
WB-100365,Sviter Casual,Kiyim va poyabzal,80000.0,47,4.5,16,890,4.6,0,2026-05-01
WB-100366,Oshxona tarozisi Elektron,Uy-ro'zg'or buyumlari,749000.0,9,4.6,48,698,4.6,500,2026-03-10
WB-100367,Qishki kurtka Oversize,Kiyim va poyabzal,787000.0,38,4.3,175,1489,4.3,250,2025-09-08
WB-100368,Jinsi shim Slim Fit,Kiyim va poyabzal,481000.0,29,4.2,46,902,4.8,100,2025-10-23
WB-100369,Erkaklar futbolkasi Basic,Kiyim va poyabzal,829000.0,36,,120,1273,4.8,0,2026-03-12
WB-100370,Charm kamar,Kiyim va poyabzal,673000.0,49,5.0,34,1026,4.4,500,2026-07-08
WB-100371,Sviter Casual,Kiyim va poyabzal,764000.0,42,4.7,479,4119,4.1,50,2025-11-28
WB-100372,Organayzer javon,Uy-ro'zg'or buyumlari,677000.0,18,4.5,41,722,4.7,25,2026-02-03
WB-100373,Pampers to'plami XL,Bolalar tovarlari,134000.0,18,4.4,205,1625,4.7,100,2026-03-04
WB-100374,Tana skrabı Kofe,Go'zallik va parvarish,355000.0,36,5.0,128,1421,4.8,50,2026-05-31
WB-100375,Bluetooth karnay Mini,Elektronika,270000.0,29,4.5,216,1469,4.5,50,2025-11-28
WB-100376,Bolalar futbolkasi Paxta,Bolalar tovarlari,337000.0,31,4.2,54,967,4.8,10,2026-07-23
WB-100377,Erkaklar futbolkasi Basic,Kiyim va poyabzal,381000.0,33,3.8,207,2088,4.7,100,2025-09-11
WB-100378,Jinsi shim Slim Fit,Kiyim va poyabzal,915000.0,54,4.8,91,1271,4.6,250,2025-11-21
WB-100379,Idish yuvish geli 1L,Uy-ro'zg'or buyumlari,288000.0,13,4.6,257,1490,4.8,25,2026-07-24
WB-100380,Bluetooth karnay Mini,Elektronika,1632000.0,5,4.1,223,1443,4.3,25,2026-06-29
WB-100381,Avtomobil ushlagichi,Elektronika,1673000.0,34,5.0,71,1024,3.9,100,2025-08-30
WB-100382,USB Type-C kabel Tezkor,Elektronika,1773000.0,37,4.8,177,2076,4.1,100,2026-06-02
WB-100383,Charm kamar,Kiyim va poyabzal,377000.0,44,4.8,104,1246,4.5,50,2026-06-09
WB-100384,Oshxona tarozisi Elektron,Uy-ro'zg'or buyumlari,154000.0,45,4.0,103,1517,4.5,250,2026-06-13
WB-100385,Sakrash arqoni Metall simli,Sport va dam olish,252000.0,41,4.2,242,2508,5.0,100,2025-08-27
WB-100386,Sviter Casual,Kiyim va poyabzal,97000.0,26,4.5,83,945,4.7,50,2026-04-07
WB-100387,Uy shippagi Soft,Kiyim va poyabzal,318000.0,28,4.6,10,649,4.7,0,2026-03-14
WB-100388,Krossovka Sport Run,Kiyim va poyabzal,488000.0,39,4.8,101,1342,4.6,10,2025-09-27
WB-100389,Idish yuvish geli 1L,Uy-ro'zg'or buyumlari,95000.0,27,4.2,51,790,4.6,25,2025-11-16
WB-100390,Suv idishi Sport 750ml,Sport va dam olish,420000.0,5,4.8,31,524,4.9,0,2025-10-18
WB-100391,Lab bo'yog'i Matte,Go'zallik va parvarish,394000.0,36,4.4,142,1222,4.6,10,2026-05-24
WB-100392,Choyshablar to'plami Satina,Uy-ro'zg'or buyumlari,378000.0,33,4.3,143,1104,4.4,0,2025-12-30
WB-100393,Idish yuvish geli 1L,Uy-ro'zg'or buyumlari,,5,4.7,8,326,4.1,25,2025-10-16
WB-100394,Yuz zardobi Hyaluron,Go'zallik va parvarish,441000.0,11,4.5,281,1951,4.5,10,2026-05-05
WB-100395,Mikrofibra sochiqlar to'plami,Uy-ro'zg'or buyumlari,208000.0,21,4.4,59,715,4.8,250,2026-01-23
WB-100396,Yuz kremi Namlantiruvchi,Go'zallik va parvarish,291000.0,57,4.0,202,1612,4.5,10,2026-02-12
WB-100397,Uy shippagi Soft,Kiyim va poyabzal,523000.0,21,3.9,139,1186,4.5,25,2026-06-27
WB-100398,Krossovka Sport Run,Kiyim va poyabzal,577000.0,30,4.3,17,729,4.3,50,2025-11-04
WB-100399,Ayollar ko'ylagi Vintage,Kiyim va poyabzal,556000.0,42,4.4,45,1060,4.2,50,2026-03-20
WB-100400,Rivojlantiruvchi taxta Busyboard,Bolalar tovarlari,129000.0,38,4.7,3,697,4.4,100,2025-12-18
WB-100401,Ayollar ko'ylagi Vintage,Kiyim va poyabzal,672000.0,17,4.6,111,1154,4.9,50,2026-04-21
WB-100402,Erkaklar futbolkasi Basic,Kiyim va poyabzal,884000.0,45,4.4,133,1356,4.7,50,2026-07-03
WB-100403,Yuz zardobi Hyaluron,Go'zallik va parvarish,207000.0,38,4.0,208,2030,5.0,100,2026-06-22
WB-100404,Mikrofibra sochiqlar to'plami,Uy-ro'zg'or buyumlari,405000.0,8,4.7,5,353,4.6,250,2025-09-11
WB-100405,Yuz kremi Namlantiruvchi,Go'zallik va parvarish,106000.0,6,4.8,178,1174,4.8,0,2026-08-10
WB-100406,Bolalar futbolkasi Paxta,Bolalar tovarlari,95000.0,25,4.5,105,1300,4.5,25,2026-04-09
WB-100407,Bolalar kolyaskasi Yengil,Bolalar tovarlari,535000.0,46,4.7,125,1644,4.9,0,2025-10-19
WB-100408,Uy shippagi Soft,Kiyim va poyabzal,707000.0,55,4.4,20,1017,4.6,25,2026-06-07
WB-100409,Krossovka Sport Run,Kiyim va poyabzal,219000.0,31,,44,865,4.7,0,2025-10-28
WB-100410,Mikrofibra sochiqlar to'plami,Uy-ro'zg'or buyumlari,360000.0,46,4.2,0,772,4.9,50,2026-04-11
WB-100411,Yuz zardobi Hyaluron,Go'zallik va parvarish,400000.0,31,5.0,205,1533,4.7,25,2025-09-09
WB-100412,Tish tozalovchi kukun,Go'zallik va parvarish,152000.0,39,4.4,64,956,4.3,250,2026-08-15
WB-100413,Charm kamar,Kiyim va poyabzal,727000.0,32,4.6,175,1514,4.3,500,2026-03-28
WB-100414,Shampun Sulfatsiz,Go'zallik va parvarish,320000.0,32,4.9,89,1212,4.5,250,2026-07-10
WB-100415,Idish yuvish geli 1L,Uy-ro'zg'or buyumlari,702000.0,47,4.5,112,1281,4.5,25,2025-10-27
WB-100416,Oshxona tarozisi Elektron,Uy-ro'zg'or buyumlari,385000.0,43,4.9,147,1928,4.6,250,2025-10-21
WB-100417,Qo'l kremi Mini,Go'zallik va parvarish,201000.0,25,4.9,121,980,4.8,500,2025-09-25
WB-100418,Simsiz quloqchin TWS,Elektronika,276000.0,27,4.8,100,1354,4.5,500,2026-02-11
WB-100419,Yuz kremi Namlantiruvchi,Go'zallik va parvarish,299000.0,14,4.6,267,1963,5.0,50,2025-09-19
WB-100420,Havo tozalagich diffuzor,Uy-ro'zg'or buyumlari,430000.0,54,4.6,48,1249,4.5,10,2026-01-12
WB-100421,Avtomobil ushlagichi,Elektronika,1529000.0,21,4.3,108,1272,4.2,25,2026-08-20
WB-100422,Yuz zardobi Hyaluron,Go'zallik va parvarish,183000.0,41,4.2,89,1087,4.6,10,2025-10-08
WB-100423,Quyoshdan himoya kremi SPF50,Go'zallik va parvarish,90000.0,25,4.8,248,1740,5.0,0,2026-05-13
WB-100424,Oshxona tarozisi Elektron,Uy-ro'zg'or buyumlari,309000.0,39,4.4,44,880,4.2,25,2026-04-18
WB-100425,Organayzer javon,Uy-ro'zg'or buyumlari,46000.0,36,4.0,28,759,4.9,500,2026-04-04
WB-100426,Ayollar ko'ylagi Vintage,Kiyim va poyabzal,74000.0,22,4.2,27,614,4.7,250,2026-01-14
WB-100427,Bluetooth karnay Mini,Elektronika,1010000.0,38,4.5,280,1723,4.7,50,2025-11-21
WB-100428,Soch maskasi Keratin,Go'zallik va parvarish,287000.0,24,5.0,149,1456,4.5,500,2026-04-17
WB-100429,Bolalar futbolkasi Paxta,Bolalar tovarlari,99000.0,27,5.0,174,1561,4.6,100,2026-01-01
WB-100430,Havo tozalagich diffuzor,Uy-ro'zg'or buyumlari,598000.0,47,4.2,3,785,4.8,10,2026-01-13
WB-100431,Ayollar ko'ylagi Vintage,Kiyim va poyabzal,421000.0,33,4.3,97,981,4.9,100,2026-03-21
WB-100432,Charm kamar,Kiyim va poyabzal,402000.0,20,5.0,107,1209,4.8,100,2026-08-12
WB-100433,Paypoqlar to'plami (5 juft),Kiyim va poyabzal,805000.0,50,4.8,47,1010,4.7,50,2025-09-26
WB-100434,Qo'l kremi Mini,Go'zallik va parvarish,164000.0,31,4.4,29,688,4.4,500,2025-08-22
WB-100435,Parfyum Elixir 50ml,Go'zallik va parvarish,191000.0,26,4.4,137,1172,4.4,25,2026-04-01
WB-100436,Taktik ryukzak 40L,Sport va dam olish,45000.0,50,4.5,16,889,4.8,0,2025-08-22
WB-100437,USB Type-C kabel Tezkor,Elektronika,1569000.0,37,5.0,60,975,4.8,100,2025-12-08
WB-100438,Uy shippagi Soft,Kiyim va poyabzal,811000.0,25,4.8,40,841,4.6,250,2025-08-30
WB-100439,Yostiq Ortopedik,Uy-ro'zg'or buyumlari,91000.0,25,4.2,73,1015,4.4,10,2026-04-11
WB-100440,Tana skrabı Kofe,Go'zallik va parvarish,121000.0,33,4.5,82,1178,4.4,100,2026-06-13
WB-100441,Tana skrabı Kofe,Go'zallik va parvarish,73000.0,12,4.6,18,557,4.5,500,2026-01-12
WB-100442,Yumshoq ayiqcha Plush,Bolalar tovarlari,181000.0,19,4.1,132,1284,4.5,100,2025-09-18
WB-100443,Charm kamar,Kiyim va poyabzal,516000.0,11,4.6,65,879,4.4,0,2026-08-12
WB-100444,Idish yuvish geli 1L,Uy-ro'zg'or buyumlari,218000.0,21,4.2,102,1119,5.0,0,2026-01-15
WB-100445,Qishki kurtka Oversize,Kiyim va poyabzal,284000.0,26,4.3,35,738,4.3,250,2025-11-07
WB-100446,Jinsi shim Slim Fit,Kiyim va poyabzal,492000.0,44,3.8,50,952,5.0,10,2026-05-02
WB-100447,Simsiz sichqoncha,Elektronika,1329000.0,44,4.9,221,1598,5.0,0,2025-11-15
WB-100448,Quyoshdan himoya kremi SPF50,Go'zallik va parvarish,124000.0,28,4.2,36,750,4.7,500,2026-04-08
WB-100449,Yuz kremi Namlantiruvchi,Go'zallik va parvarish,66000.0,21,4.4,223,1861,4.4,25,2026-01-05
WB-100450,Soch maskasi Keratin,Go'zallik va parvarish,354000.0,34,3.9,106,1061,4.9,10,2026-01-29
WB-100451,Konstruktor Lego mos keluvchi,Bolalar tovarlari,273000.0,12,4.4,51,714,4.7,100,2025-10-08
WB-100452,Bolalar kolyaskasi Yengil,Bolalar tovarlari,573000.0,19,4.1,15,572,4.9,250,2026-06-07
WB-100453,Krossovka Sport Run,Kiyim va poyabzal,285000.0,5,4.7,122,1228,4.9,250,2026-02-03
WB-100454,Simsiz quloqchin TWS,Elektronika,738000.0,32,4.6,373,2346,4.7,10,2026-06-30
WB-100455,Sviter Casual,Kiyim va poyabzal,744000.0,39,5.0,292,2686,4.7,100,2025-12-28
WB-100456,Yuz kremi Namlantiruvchi,Go'zallik va parvarish,421000.0,28,4.3,144,1626,4.5,500,2026-04-30
WB-100457,Oshxona pichoqlar to'plami,Uy-ro'zg'or buyumlari,419000.0,72,4.5,204,2207,4.4,25,2026-02-08
WB-100458,Shampun Sulfatsiz,Go'zallik va parvarish,180000.0,43,4.2,220,2253,4.8,100,2025-09-11
WB-100459,Mexanik klaviatura RGB,Elektronika,1622000.0,25,4.3,10,584,4.5,10,2025-09-03
WB-100460,Shampun Sulfatsiz,Go'zallik va parvarish,362000.0,24,4.2,402,3385,4.6,25,2025-09-19
WB-100461,Telefon g'ilofi Silikon,Elektronika,1468000.0,26,4.2,136,1556,4.9,0,2025-09-09
WB-100462,Paypoqlar to'plami (5 juft),Kiyim va poyabzal,101000.0,32,4.3,22,675,5.0,50,2026-06-30
WB-100463,Yumshoq ayiqcha Plush,Bolalar tovarlari,108000.0,17,4.2,7,433,5.0,250,2026-08-04
WB-100464,Choyshablar to'plami Satina,Uy-ro'zg'or buyumlari,129000.0,48,4.0,173,1848,4.7,10,2026-03-22
WB-100465,Jinsi shim Slim Fit,Kiyim va poyabzal,,41,4.5,225,2130,4.6,50,2025-10-02
WB-100466,Paypoqlar to'plami (5 juft),Kiyim va poyabzal,849000.0,11,4.8,177,1552,4.9,100,2026-04-09
WB-100467,Yuz kremi Namlantiruvchi,Go'zallik va parvarish,278000.0,30,4.0,11,642,4.8,100,2025-12-20
WB-100468,Taktik ryukzak 40L,Sport va dam olish,261000.0,36,4.1,29,839,4.4,10,2025-10-18
WB-100469,Suv idishi Sport 750ml,Sport va dam olish,343000.0,53,5.0,6,920,4.8,100,2026-04-11
WB-100470,Gantellar to'plami 2x5kg,Sport va dam olish,136000.0,52,4.6,8,869,4.7,50,2025-12-01
WB-100471,Ayollar ko'ylagi Vintage,Kiyim va poyabzal,350000.0,55,4.8,244,2172,4.9,50,2025-09-18
WB-100472,Suv idishi Sport 750ml,Sport va dam olish,149000.0,23,4.8,25,643,4.8,0,2026-08-11
WB-100473,Charm kamar,Kiyim va poyabzal,468000.0,41,4.8,261,2363,4.3,100,2025-11-17
WB-100474,Uy shippagi Soft,Kiyim va poyabzal,823000.0,5,4.6,107,1065,5.0,250,2025-12-26
WB-100475,Paypoqlar to'plami (5 juft),Kiyim va poyabzal,902000.0,62,4.1,64,1227,4.6,100,2025-09-08
WB-100476,Yumshoq ayiqcha Plush,Bolalar tovarlari,296000.0,36,4.9,1,694,4.6,25,2025-12-22
WB-100477,Parfyum Elixir 50ml,Go'zallik va parvarish,94000.0,16,4.6,105,1244,4.6,250,2026-03-17
WB-100478,Yuz kremi Namlantiruvchi,Go'zallik va parvarish,391000.0,63,4.8,48,1158,4.7,100,2026-05-26
WB-100479,Idish yuvish geli 1L,Uy-ro'zg'or buyumlari,664000.0,34,4.4,348,2915,4.5,25,2026-04-17
WB-100480,Sviter Casual,Kiyim va poyabzal,687000.0,11,4.3,17,411,4.5,250,2026-06-15
WB-100481,Termos 1L zanglamas,Uy-ro'zg'or buyumlari,261000.0,49,4.3,65,1038,4.8,100,2026-05-18
WB-100482,Quyoshdan himoya kremi SPF50,Go'zallik va parvarish,407000.0,21,4.6,134,1414,4.5,10,2026-04-13
WB-100483,Ayollar ko'ylagi Vintage,Kiyim va poyabzal,157000.0,31,5.0,82,1204,4.6,25,2026-03-23
WB-100484,Klassik kostyum-shim,Kiyim va poyabzal,434000.0,34,4.4,25,736,4.2,100,2026-07-18
WB-100485,Havo tozalagich diffuzor,Uy-ro'zg'or buyumlari,380000.0,25,4.1,95,1003,4.4,25,2025-11-17
WB-100486,USB Type-C kabel Tezkor,Elektronika,1404000.0,48,4.6,73,1148,4.4,25,2025-11-23
WB-100487,Yostiq Ortopedik,Uy-ro'zg'or buyumlari,146000.0,70,5.0,102,1640,4.7,250,2025-09-08
WB-100488,Charm kamar,Kiyim va poyabzal,540000.0,41,4.8,303,2334,4.6,50,2026-02-01
WB-100489,Quyoshdan himoya kremi SPF50,Go'zallik va parvarish,166000.0,30,4.1,41,917,4.6,10,2026-06-07
WB-100490,Smart soat Pro,Elektronika,1338000.0,41,4.4,96,1155,4.9,50,2026-02-20
WB-100491,Tish tozalovchi kukun,Go'zallik va parvarish,249000.0,40,3.9,26,804,4.3,0,2026-05-11
WB-100492,Quyoshdan himoya kremi SPF50,Go'zallik va parvarish,426000.0,46,4.3,19,900,4.8,25,2026-02-14
WB-100493,Yumshoq ayiqcha Plush,Bolalar tovarlari,165000.0,53,4.1,64,1218,4.9,50,2026-03-22
WB-100494,Jinsi shim Slim Fit,Kiyim va poyabzal,330000.0,53,4.5,49,1226,4.5,0,2026-03-19
WB-100495,Charm kamar,Kiyim va poyabzal,692000.0,35,4.3,24,761,4.6,500,2026-01-23
WB-100496,Soch maskasi Keratin,Go'zallik va parvarish,120000.0,37,4.3,42,927,4.5,250,2026-01-16
WB-100497,Termos 1L zanglamas,Uy-ro'zg'or buyumlari,50000.0,36,4.1,423,3251,4.8,50,2026-01-01
WB-100498,Oshxona pichoqlar to'plami,Uy-ro'zg'or buyumlari,299000.0,34,4.4,36,867,4.8,250,2025-10-30
WB-100499,Bluetooth karnay Mini,Elektronika,164000.0,29,5.0,9,613,4.3,100,2025-11-15
WB-100500,Rivojlantiruvchi taxta Busyboard,Bolalar tovarlari,196000.0,30,4.2,91,1047,4.7,25,2026-02-28
WB-100501,Gantellar to'plami 2x5kg,Sport va dam olish,102000.0,40,4.7,25,877,4.3,100,2026-05-21
WB-100502,Plastilin to'plami,Bolalar tovarlari,301000.0,59,4.8,308,2685,4.8,500,2026-04-05
WB-100503,Havo tozalagich diffuzor,Uy-ro'zg'or buyumlari,154000.0,26,5.0,15,612,4.2,25,2025-10-25
WB-100504,Smart soat Pro,Elektronika,214000.0,38,3.9,5,688,4.3,0,2026-04-19
WB-100505,Erkaklar futbolkasi Basic,Kiyim va poyabzal,732000.0,41,3.7,27,901,4.8,0,2025-11-04
WB-100506,Sakrash arqoni Metall simli,Sport va dam olish,255000.0,51,4.0,113,1507,4.8,500,2025-08-29
WB-100507,Gantellar to'plami 2x5kg,Sport va dam olish,590000.0,5,4.3,12,304,4.6,25,2026-08-14
WB-100508,Gantellar to'plami 2x5kg,Sport va dam olish,549000.0,50,4.5,86,1289,4.4,50,2025-10-17
WB-100509,USB Type-C kabel Tezkor,Elektronika,1038000.0,47,4.6,14,850,4.5,500,2026-04-06
WB-100510,Termo ichki kiyim,Sport va dam olish,155000.0,61,4.8,77,1510,5.0,50,2026-08-01
WB-100511,Oshxona pichoqlar to'plami,Uy-ro'zg'or buyumlari,116000.0,16,4.8,455,3554,4.5,25,2025-12-01
WB-100512,Yoga mat 6mm,Sport va dam olish,182000.0,19,4.7,173,1639,4.4,500,2026-07-17
WB-100513,Bokal to'plami (6 dona),Uy-ro'zg'or buyumlari,741000.0,26,4.5,72,819,4.6,10,2025-09-06
WB-100514,Erkaklar futbolkasi Basic,Kiyim va poyabzal,925000.0,18,4.9,19,588,4.7,500,2026-05-15
WB-100515,Charm kamar,Kiyim va poyabzal,496000.0,33,4.8,235,2043,4.6,50,2025-10-21
WB-100516,Simsiz sichqoncha,Elektronika,142000.0,44,5.0,181,2142,4.8,25,2026-03-09
WB-100517,Choyshablar to'plami Satina,Uy-ro'zg'or buyumlari,523000.0,19,4.3,231,1767,4.8,50,2026-07-03
WB-100518,Simsiz quloqchin TWS,Elektronika,128000.0,62,4.7,51,1372,4.7,25,2026-03-04
WB-100519,Bluetooth karnay Mini,Elektronika,177000.0,35,4.8,44,817,4.1,0,2026-02-10
WB-100520,Uy shippagi Soft,Kiyim va poyabzal,566000.0,44,4.3,142,1642,4.6,50,2026-02-03
WB-100521,Jinsi shim Slim Fit,Kiyim va poyabzal,359000.0,9,4.5,49,631,4.8,50,2026-07-13
WB-100522,Pampers to'plami XL,Bolalar tovarlari,164000.0,33,4.8,102,1328,4.2,250,2026-06-14
WB-100523,Sviter Casual,Kiyim va poyabzal,483000.0,41,5.0,126,1361,4.3,100,2026-01-29
WB-100524,Soch maskasi Keratin,Go'zallik va parvarish,310000.0,5,4.3,118,978,4.9,250,2026-04-18
WB-100525,Plastilin to'plami,Bolalar tovarlari,564000.0,34,4.4,26,781,5.0,500,2026-01-22
WB-100526,Yumshoq ayiqcha Plush,Bolalar tovarlari,397000.0,41,4.3,40,877,4.4,10,2025-10-19
WB-100527,Organayzer javon,Uy-ro'zg'or buyumlari,364000.0,20,4.4,124,926,4.7,25,2026-01-11
WB-100528,Bolalar futbolkasi Paxta,Bolalar tovarlari,479000.0,65,4.8,45,1285,4.8,25,2026-07-31
WB-100529,Gantellar to'plami 2x5kg,Sport va dam olish,184000.0,19,4.3,15,517,4.4,100,2025-12-28
WB-100530,Tana skrabı Kofe,Go'zallik va parvarish,165000.0,22,4.3,165,1228,4.7,10,2025-12-09
WB-100531,Ring Light lampa,Elektronika,176000.0,12,4.4,14,438,4.6,25,2025-11-04
WB-100532,Konstruktor Lego mos keluvchi,Bolalar tovarlari,403000.0,38,4.4,161,1866,4.8,250,2025-12-22
WB-100533,Tana skrabı Kofe,Go'zallik va parvarish,409000.0,27,4.1,32,764,4.6,25,2026-01-23
WB-100534,Jinsi shim Slim Fit,Kiyim va poyabzal,825000.0,43,4.8,45,1058,4.3,25,2025-10-02
WB-100535,Qo'l kremi Mini,Go'zallik va parvarish,419000.0,27,4.8,300,1759,4.8,0,2026-02-18
WB-100536,Tana skrabı Kofe,Go'zallik va parvarish,218000.0,39,4.5,123,1480,4.5,50,2025-12-02
WB-100537,Krossovka Sport Run,Kiyim va poyabzal,282000.0,29,3.9,125,1047,4.5,25,2026-04-10
WB-100538,Ring Light lampa,Elektronika,1502000.0,38,4.3,64,988,4.2,100,2025-12-14
WB-100539,Tish tozalovchi kukun,Go'zallik va parvarish,291000.0,68,4.0,26,1208,4.8,50,2026-06-25
WB-100540,Ring Light lampa,Elektronika,282000.0,31,4.1,303,2260,4.5,250,2025-12-04
WB-100541,Organayzer javon,Uy-ro'zg'or buyumlari,567000.0,23,4.8,27,653,4.2,10,2026-03-24
WB-100542,Qishki kurtka Oversize,Kiyim va poyabzal,270000.0,24,4.6,104,1208,4.7,500,2026-02-03
WB-100543,Uy shippagi Soft,Kiyim va poyabzal,691000.0,33,4.2,12,651,4.8,25,2026-06-28
WB-100544,Yuz kremi Namlantiruvchi,Go'zallik va parvarish,27000.0,20,4.5,455,3465,5.0,0,2026-06-15
WB-100545,Tana skrabı Kofe,Go'zallik va parvarish,398000.0,43,4.7,90,1130,4.7,10,2026-05-04
WB-100546,Bokal to'plami (6 dona),Uy-ro'zg'or buyumlari,234000.0,49,4.2,172,1595,5.0,25,2026-04-30
WB-100547,Bolalar futbolkasi Paxta,Bolalar tovarlari,75000.0,41,4.7,4,742,4.3,50,2025-09-11
WB-100548,Soch maskasi Keratin,Go'zallik va parvarish,235000.0,52,3.9,15,897,4.5,10,2026-05-09
WB-100549,Termos 1L zanglamas,Uy-ro'zg'or buyumlari,450000.0,53,4.4,101,1435,4.8,250,2025-10-09
WB-100550,Oshxona pichoqlar to'plami,Uy-ro'zg'or buyumlari,314000.0,5,4.0,217,1212,4.8,250,2026-04-24
WB-100551,Yuz kremi Namlantiruvchi,Go'zallik va parvarish,165000.0,55,4.6,72,1496,4.6,500,2026-06-09
WB-100552,Rivojlantiruvchi taxta Busyboard,Bolalar tovarlari,224000.0,40,4.5,364,2598,4.7,500,2026-03-14
WB-100553,Uy shippagi Soft,Kiyim va poyabzal,314000.0,35,4.0,15,682,4.8,25,2026-08-07
WB-100554,Klassik kostyum-shim,Kiyim va poyabzal,516000.0,5,4.5,77,724,4.8,500,2026-02-26
WB-100555,Simsiz quloqchin TWS,Elektronika,963000.0,57,4.4,125,1771,4.5,250,2026-05-17
WB-100556,Charm kamar,Kiyim va poyabzal,327000.0,57,4.4,42,1080,4.7,100,2025-09-30
WB-100557,Qo'l kremi Mini,Go'zallik va parvarish,65000.0,24,4.1,35,685,4.7,0,2026-07-26
WB-100558,Konstruktor Lego mos keluvchi,Bolalar tovarlari,91000.0,44,4.3,106,1324,4.3,25,2026-02-12
WB-100559,Krossovka Sport Run,Kiyim va poyabzal,130000.0,46,4.5,134,1532,4.6,0,2025-11-17
WB-100560,Ring Light lampa,Elektronika,1329000.0,26,5.0,115,1351,4.5,500,2026-01-23
WB-100561,Erkaklar futbolkasi Basic,Kiyim va poyabzal,679000.0,36,4.6,78,991,5.0,500,2026-05-24
WB-100562,Soch maskasi Keratin,Go'zallik va parvarish,204000.0,59,5.0,161,1840,4.6,50,2026-06-17
WB-100563,Plastilin to'plami,Bolalar tovarlari,73000.0,56,4.5,149,2099,4.3,100,2026-06-01
WB-100564,Avtomobil ushlagichi,Elektronika,1097000.0,17,4.2,203,1572,4.3,50,2026-06-13
WB-100565,Plastilin to'plami,Bolalar tovarlari,538000.0,50,4.8,124,1515,4.7,250,2025-11-28
WB-100566,Tish tozalovchi kukun,Go'zallik va parvarish,411000.0,24,4.9,221,1972,4.8,250,2026-03-09
WB-100567,Havo tozalagich diffuzor,Uy-ro'zg'or buyumlari,603000.0,43,3.9,116,1275,4.2,10,2025-11-18
WB-100568,Uy shippagi Soft,Kiyim va poyabzal,899000.0,24,4.5,97,1283,4.8,250,2025-11-11
WB-100569,Shampun Sulfatsiz,Go'zallik va parvarish,169000.0,43,4.7,99,1352,4.6,500,2025-09-14
WB-100570,Pampers to'plami XL,Bolalar tovarlari,380000.0,38,4.6,350,3206,4.5,0,2026-06-30
WB-100571,Sviter Casual,Kiyim va poyabzal,97000.0,51,4.8,245,2725,4.8,50,2026-05-08
WB-100572,Klassik kostyum-shim,Kiyim va poyabzal,358000.0,53,5.0,69,1258,4.4,500,2026-04-21
WB-100573,Klassik kostyum-shim,Kiyim va poyabzal,697000.0,16,4.8,33,626,4.5,10,2026-03-29
WB-100574,Quyoshdan himoya kremi SPF50,Go'zallik va parvarish,363000.0,32,4.6,18,698,4.0,0,2026-02-11
WB-100575,Erkaklar futbolkasi Basic,Kiyim va poyabzal,410000.0,68,4.7,19,1225,4.5,500,2026-07-26
WB-100576,Avtomobil ushlagichi,Elektronika,1582000.0,32,4.2,50,985,4.4,10,2026-08-15
WB-100577,Masofadan boshqariladigan mashina,Bolalar tovarlari,483000.0,21,4.1,262,2293,4.7,25,2025-10-04
WB-100578,Yostiq Ortopedik,Uy-ro'zg'or buyumlari,405000.0,24,4.4,86,920,4.9,0,2025-09-05
WB-100579,USB Type-C kabel Tezkor,Elektronika,1330000.0,42,4.5,7,757,4.4,0,2026-07-21
WB-100580,Yuz kremi Namlantiruvchi,Go'zallik va parvarish,218000.0,61,4.4,541,4250,4.4,100,2026-06-22
WB-100581,Idish yuvish geli 1L,Uy-ro'zg'or buyumlari,514000.0,30,4.1,34,710,4.4,25,2026-04-11
WB-100582,Yumshoq ayiqcha Plush,Bolalar tovarlari,96000.0,27,4.6,29,660,4.4,100,2026-05-14
WB-100583,Qo'l kremi Mini,Go'zallik va parvarish,449000.0,21,3.7,157,1306,4.9,50,2026-08-21
WB-100584,Quyoshdan himoya kremi SPF50,Go'zallik va parvarish,75000.0,38,4.9,164,1939,5.0,100,2026-03-19
WB-100585,Avtomobil ushlagichi,Elektronika,344000.0,5,5.0,43,557,4.5,100,2026-03-25
WB-100586,Bolalar kolyaskasi Yengil,Bolalar tovarlari,147000.0,34,4.5,95,1021,4.7,25,2026-06-07
WB-100587,Ring Light lampa,Elektronika,308000.0,48,4.9,172,1959,4.9,0,2026-07-07
WB-100588,Uy shippagi Soft,Kiyim va poyabzal,362000.0,56,4.6,70,1248,4.7,0,2026-06-10
WB-100589,Smart soat Pro,Elektronika,1188000.0,67,4.9,93,1715,4.5,500,2026-04-22
WB-100590,Choyshablar to'plami Satina,Uy-ro'zg'or buyumlari,159000.0,61,4.6,33,1202,4.4,500,2026-05-22
WB-100591,Erkaklar futbolkasi Basic,Kiyim va poyabzal,363000.0,36,4.6,90,1182,5.0,100,2025-11-16
WB-100592,Yostiq Ortopedik,Uy-ro'zg'or buyumlari,251000.0,27,4.6,114,1130,4.6,50,2025-10-11
WB-100593,Mexanik klaviatura RGB,Elektronika,1700000.0,38,4.4,32,881,4.9,100,2026-03-07
WB-100594,Avtomobil ushlagichi,Elektronika,780000.0,19,4.5,31,683,5.0,250,2025-10-12
WB-100595,Organayzer javon,Uy-ro'zg'or buyumlari,439000.0,7,4.7,83,920,4.8,10,2025-12-25
WB-100596,Suv idishi Sport 750ml,Sport va dam olish,65000.0,49,3.7,116,1536,4.7,50,2026-01-08
WB-100597,Bluetooth karnay Mini,Elektronika,1529000.0,41,5.0,39,899,4.6,0,2026-03-12
WB-100598,Organayzer javon,Uy-ro'zg'or buyumlari,662000.0,39,4.9,194,2191,4.5,500,2026-08-19
WB-100599,Sakrash arqoni Metall simli,Sport va dam olish,168000.0,47,4.4,294,2020,4.4,0,2025-08-26
WB-100600,Bolalar futbolkasi Paxta,Bolalar tovarlari,468000.0,9,4.4,125,852,4.7,250,2026-04-06
WB-100601,Masofadan boshqariladigan mashina,Bolalar tovarlari,244000.0,46,5.0,143,1262,4.7,50,2025-08-26
WB-100602,Bluetooth karnay Mini,Elektronika,409000.0,43,4.1,198,1671,4.5,0,2026-01-12
WB-100603,Yuz kremi Namlantiruvchi,Go'zallik va parvarish,108000.0,41,4.2,244,2163,4.6,250,2026-06-07
WB-100604,Paypoqlar to'plami (5 juft),Kiyim va poyabzal,174000.0,45,4.6,101,1196,4.5,10,2026-08-04
WB-100605,Idish yuvish geli 1L,Uy-ro'zg'or buyumlari,212000.0,19,4.4,333,2586,4.6,25,2026-03-31
WB-100606,Sviter Casual,Kiyim va poyabzal,,18,5.0,258,1626,4.9,50,2026-01-30
WB-100607,Paypoqlar to'plami (5 juft),Kiyim va poyabzal,779000.0,45,4.5,140,1874,4.5,25,2026-01-28
WB-100608,Uy shippagi Soft,Kiyim va poyabzal,779000.0,17,4.2,48,655,4.7,25,2025-09-18
WB-100609,Ayollar ko'ylagi Vintage,Kiyim va poyabzal,750000.0,16,4.1,117,1126,4.6,0,2026-03-03
WB-100610,Krossovka Sport Run,Kiyim va poyabzal,115000.0,36,4.4,113,1278,4.7,0,2026-01-19
WB-100611,Qo'l kremi Mini,Go'zallik va parvarish,124000.0,17,4.2,1,438,4.1,100,2025-10-12
WB-100612,Oshxona tarozisi Elektron,Uy-ro'zg'or buyumlari,402000.0,28,4.4,1,536,4.3,100,2025-10-25
WB-100613,Ring Light lampa,Elektronika,845000.0,36,5.0,7,669,4.8,500,2026-02-21
WB-100614,Yostiq Ortopedik,Uy-ro'zg'or buyumlari,368000.0,25,4.3,421,2970,4.5,10,2026-05-08
WB-100615,Klassik kostyum-shim,Kiyim va poyabzal,234000.0,45,5.0,184,1701,4.3,50,2026-06-25
WB-100616,Tana skrabı Kofe,Go'zallik va parvarish,287000.0,27,4.6,72,1079,4.6,0,2026-07-15
WB-100617,Yuz zardobi Hyaluron,Go'zallik va parvarish,,38,3.9,197,1654,4.9,0,2026-02-23
WB-100618,Lab bo'yog'i Matte,Go'zallik va parvarish,148000.0,41,4.9,174,1394,4.6,10,2025-12-12
WB-100619,Avtomobil ushlagichi,Elektronika,503000.0,38,4.7,36,841,4.5,250,2025-10-17
WB-100620,Tana skrabı Kofe,Go'zallik va parvarish,369000.0,16,3.8,453,4043,4.3,0,2025-10-21
WB-100621,Termos 1L zanglamas,Uy-ro'zg'or buyumlari,413000.0,30,4.2,67,1034,4.4,100,2025-11-26
WB-100622,Jinsi shim Slim Fit,Kiyim va poyabzal,107000.0,43,3.8,228,2519,4.5,0,2026-04-19
WB-100623,Uy shippagi Soft,Kiyim va poyabzal,729000.0,24,4.2,82,955,4.8,250,2026-04-26
WB-100624,Mexanik klaviatura RGB,Elektronika,1178000.0,40,4.0,27,879,4.7,10,2026-01-25
WB-100625,Klassik kostyum-shim,Kiyim va poyabzal,287000.0,56,4.8,41,1153,4.7,100,2026-07-06
WB-100626,Bluetooth karnay Mini,Elektronika,1464000.0,28,4.8,23,671,4.4,0,2026-01-19
WB-100627,Parfyum Elixir 50ml,Go'zallik va parvarish,419000.0,39,4.6,4,725,4.8,25,2026-08-06
WB-100628,Lab bo'yog'i Matte,Go'zallik va parvarish,449000.0,35,3.9,292,1647,5.0,500,2026-03-16
WB-100629,Mikrofibra sochiqlar to'plami,Uy-ro'zg'or buyumlari,370000.0,9,4.5,19,443,5.0,50,2025-12-19
WB-100630,Oshxona tarozisi Elektron,Uy-ro'zg'or buyumlari,275000.0,59,4.8,67,1449,4.7,500,2026-06-03
WB-100631,Rivojlantiruvchi taxta Busyboard,Bolalar tovarlari,569000.0,62,4.5,215,2028,4.8,50,2026-08-10
WB-100632,Erkaklar futbolkasi Basic,Kiyim va poyabzal,881000.0,56,5.0,48,1204,4.4,500,2026-03-10
WB-100633,Avtomobil ushlagichi,Elektronika,745000.0,21,4.5,392,2977,4.7,250,2026-06-01
WB-100634,Yuz kremi Namlantiruvchi,Go'zallik va parvarish,104000.0,69,4.9,40,1251,4.5,0,2026-02-26
WB-100635,Plastilin to'plami,Bolalar tovarlari,262000.0,42,4.5,65,1145,4.9,10,2025-10-27
WB-100636,Bolalar futbolkasi Paxta,Bolalar tovarlari,133000.0,23,4.4,27,670,4.6,10,2026-04-07
WB-100637,Pampers to'plami XL,Bolalar tovarlari,228000.0,19,4.3,74,746,4.8,50,2026-02-15
WB-100638,Ring Light lampa,Elektronika,1496000.0,44,4.2,23,872,4.7,250,2025-11-23
WB-100639,Mikrofibra sochiqlar to'plami,Uy-ro'zg'or buyumlari,203000.0,43,4.3,118,1332,4.4,250,2025-12-11
WB-100640,Oshxona pichoqlar to'plami,Uy-ro'zg'or buyumlari,747000.0,41,4.6,174,1575,4.7,100,2025-09-13
WB-100641,Oshxona tarozisi Elektron,Uy-ro'zg'or buyumlari,304000.0,34,3.8,60,856,5.0,25,2026-07-31
WB-100642,Sviter Casual,Kiyim va poyabzal,645000.0,31,4.1,76,967,5.0,100,2025-10-12
WB-100643,Yostiq Ortopedik,Uy-ro'zg'or buyumlari,86000.0,36,4.0,19,740,4.7,250,2026-05-21
WB-100644,Pampers to'plami XL,Bolalar tovarlari,401000.0,28,3.8,59,828,4.6,500,2026-03-03
WB-100645,Telefon g'ilofi Silikon,Elektronika,424000.0,38,4.5,1,690,4.5,0,2026-07-28
WB-100646,Smart soat Pro,Elektronika,1483000.0,25,4.9,117,1430,4.8,10,2025-12-09
WB-100647,Klassik kostyum-shim,Kiyim va poyabzal,71000.0,37,4.7,128,1286,4.5,10,2026-03-20
WB-100648,Yoga mat 6mm,Sport va dam olish,475000.0,43,3.7,101,1196,4.7,250,2026-08-13
WB-100649,Yostiq Ortopedik,Uy-ro'zg'or buyumlari,269000.0,14,4.0,45,689,4.6,100,2026-06-17
WB-100650,Choyshablar to'plami Satina,Uy-ro'zg'or buyumlari,453000.0,45,4.5,114,1617,5.0,500,2025-12-24
WB-100651,USB Type-C kabel Tezkor,Elektronika,427000.0,19,4.9,32,712,4.6,25,2025-10-29
WB-100652,Choyshablar to'plami Satina,Uy-ro'zg'or buyumlari,600000.0,11,4.8,166,1124,4.4,10,2026-05-25
WB-100653,Sport sumkasi Suv o'tkazmaydigan,Sport va dam olish,411000.0,25,4.7,70,790,4.5,10,2025-09-17
WB-100654,Ayollar ko'ylagi Vintage,Kiyim va poyabzal,215000.0,9,4.3,27,466,4.7,10,2025-12-01
WB-100655,Qishki kurtka Oversize,Kiyim va poyabzal,573000.0,44,4.5,238,2124,4.5,50,2025-11-15
WB-100656,Qo'l kremi Mini,Go'zallik va parvarish,348000.0,46,3.9,2,788,4.3,25,2026-06-22
WB-100657,Uy shippagi Soft,Kiyim va poyabzal,,21,4.6,111,925,4.8,10,2025-11-27
WB-100658,Havo tozalagich diffuzor,Uy-ro'zg'or buyumlari,384000.0,66,4.1,422,3163,4.6,100,2025-09-27
WB-100659,Termo ichki kiyim,Sport va dam olish,609000.0,48,5.0,377,3454,4.4,250,2026-04-29
WB-100660,Uy shippagi Soft,Kiyim va poyabzal,885000.0,33,4.2,4,622,4.3,250,2026-07-28
WB-100661,Lab bo'yog'i Matte,Go'zallik va parvarish,133000.0,5,4.0,221,1059,4.2,50,2026-03-13
WB-100662,Jinsi shim Slim Fit,Kiyim va poyabzal,840000.0,42,4.8,141,1516,4.5,100,2026-01-26
WB-100663,Yoga mat 6mm,Sport va dam olish,,10,4.2,201,1293,5.0,250,2026-01-26
WB-100664,Shampun Sulfatsiz,Go'zallik va parvarish,55000.0,28,4.1,127,1422,4.8,250,2025-10-29
WB-100665,Suv idishi Sport 750ml,Sport va dam olish,386000.0,37,4.7,166,1887,5.0,500,2026-03-19
WB-100666,Krossovka Sport Run,Kiyim va poyabzal,,41,4.6,7,753,4.9,500,2025-10-12
WB-100667,Taktik ryukzak 40L,Sport va dam olish,521000.0,44,4.6,188,1687,4.5,25,2026-04-27
WB-100668,Bluetooth karnay Mini,Elektronika,1253000.0,27,,32,707,4.8,25,2026-02-07
WB-100669,Plastilin to'plami,Bolalar tovarlari,447000.0,41,4.4,110,1527,5.0,500,2025-12-27
WB-100670,Oshxona tarozisi Elektron,Uy-ro'zg'or buyumlari,401000.0,34,4.5,121,1561,4.9,500,2025-09-14
WB-100671,Termos 1L zanglamas,Uy-ro'zg'or buyumlari,467000.0,18,4.8,10,554,4.4,250,2026-08-15
WB-100672,Telefon g'ilofi Silikon,Elektronika,1305000.0,55,4.0,184,2130,4.7,0,2026-01-23
WB-100673,Suv idishi Sport 750ml,Sport va dam olish,143000.0,27,4.6,130,1161,5.0,250,2026-08-15
WB-100674,Yostiq Ortopedik,Uy-ro'zg'or buyumlari,699000.0,28,4.8,39,815,4.1,250,2025-10-24
WB-100675,Soch maskasi Keratin,Go'zallik va parvarish,63000.0,24,3.8,322,2704,4.4,50,2026-03-05
WB-100676,Termo ichki kiyim,Sport va dam olish,533000.0,36,4.7,11,710,4.0,250,2025-10-20
WB-100677,Mexanik klaviatura RGB,Elektronika,1072000.0,40,4.5,92,1400,4.6,25,2026-08-04
WB-100678,Idish yuvish geli 1L,Uy-ro'zg'or buyumlari,190000.0,20,4.8,74,824,4.4,50,2026-08-05
WB-100679,Erkaklar futbolkasi Basic,Kiyim va poyabzal,593000.0,18,5.0,15,579,4.3,500,2025-12-10
WB-100680,Bluetooth karnay Mini,Elektronika,343000.0,28,3.8,326,2005,4.0,500,2025-11-21
WB-100681,Powerbank 20000mAh,Elektronika,1785000.0,22,4.4,135,1565,4.4,100,2026-01-13
WB-100682,Choyshablar to'plami Satina,Uy-ro'zg'or buyumlari,314000.0,52,4.9,104,1629,4.3,50,2026-07-23
WB-100683,Organayzer javon,Uy-ro'zg'or buyumlari,676000.0,41,5.0,26,883,5.0,0,2026-08-04
WB-100684,Mexanik klaviatura RGB,Elektronika,1249000.0,37,4.6,52,980,4.6,100,2026-07-20
WB-100685,Uy shippagi Soft,Kiyim va poyabzal,278000.0,46,4.7,43,1071,5.0,500,2026-08-11
WB-100686,Charm kamar,Kiyim va poyabzal,830000.0,27,4.3,127,1206,4.7,50,2026-07-16
WB-100687,Paypoqlar to'plami (5 juft),Kiyim va poyabzal,939000.0,12,4.6,11,379,5.0,250,2026-04-01
WB-100688,Avtomobil ushlagichi,Elektronika,398000.0,36,4.4,97,1240,4.3,100,2026-06-17
WB-100689,Termos 1L zanglamas,Uy-ro'zg'or buyumlari,725000.0,42,4.4,109,1165,4.4,0,2025-09-11
WB-100690,Sviter Casual,Kiyim va poyabzal,289000.0,35,4.4,15,730,4.6,250,2025-08-22
WB-100691,Velosiped chirog'i LED,Sport va dam olish,442000.0,16,4.7,142,1279,4.6,100,2026-05-10
WB-100692,Bolalar kolyaskasi Yengil,Bolalar tovarlari,65000.0,53,5.0,29,979,4.5,25,2025-10-26
WB-100693,Parfyum Elixir 50ml,Go'zallik va parvarish,187000.0,47,4.3,10,804,4.8,100,2025-12-04
WB-100694,Sport sumkasi Suv o'tkazmaydigan,Sport va dam olish,476000.0,15,4.3,85,769,4.4,500,2026-04-01
WB-100695,Qishki kurtka Oversize,Kiyim va poyabzal,171000.0,49,4.8,8,869,4.8,25,2025-11-04
WB-100696,Uy shippagi Soft,Kiyim va poyabzal,932000.0,41,5.0,183,1443,4.5,100,2026-04-29
WB-100697,Parfyum Elixir 50ml,Go'zallik va parvarish,259000.0,10,4.0,22,486,4.7,250,2026-08-04
WB-100698,Qo'l kremi Mini,Go'zallik va parvarish,228000.0,36,4.5,86,1036,4.8,250,2026-01-05
WB-100699,Sport sumkasi Suv o'tkazmaydigan,Sport va dam olish,454000.0,20,4.7,69,813,4.6,50,2026-05-15
WB-100700,Rivojlantiruvchi taxta Busyboard,Bolalar tovarlari,398000.0,45,4.7,176,2058,4.5,10,2025-10-08
WB-100701,Choyshablar to'plami Satina,Uy-ro'zg'or buyumlari,699000.0,35,4.5,355,2983,4.5,50,2026-05-12
WB-100702,Shampun Sulfatsiz,Go'zallik va parvarish,197000.0,10,4.0,164,1421,4.2,10,2026-07-26
WB-100703,Pampers to'plami XL,Bolalar tovarlari,425000.0,50,4.6,22,1006,4.1,10,2025-09-29
WB-100704,Simsiz quloqchin TWS,Elektronika,807000.0,24,4.7,14,632,4.9,500,2025-10-21
WB-100705,Simsiz quloqchin TWS,Elektronika,1349000.0,25,4.4,43,833,4.2,0,2026-04-16
WB-100706,Erkaklar futbolkasi Basic,Kiyim va poyabzal,608000.0,28,4.8,0,585,4.8,0,2026-03-30
WB-100707,Lab bo'yog'i Matte,Go'zallik va parvarish,200000.0,36,4.5,176,1457,4.6,25,2026-03-29
WB-100708,Simsiz sichqoncha,Elektronika,1209000.0,27,4.6,164,1159,4.3,0,2025-11-27
WB-100709,Bluetooth karnay Mini,Elektronika,1630000.0,40,4.7,78,1222,4.9,100,2026-05-02
WB-100710,Mexanik klaviatura RGB,Elektronika,943000.0,60,4.2,59,1176,4.6,10,2026-02-14
WB-100711,Klassik kostyum-shim,Kiyim va poyabzal,442000.0,33,4.5,78,1016,4.7,100,2025-11-08
WB-100712,Smart soat Pro,Elektronika,1566000.0,46,4.5,206,1677,4.2,250,2026-05-06
WB-100713,Chizmachilik to'plami 100+ dona,Bolalar tovarlari,172000.0,37,4.6,557,4931,4.8,0,2025-09-17
WB-100714,Termos 1L zanglamas,Uy-ro'zg'or buyumlari,190000.0,30,4.6,66,854,4.8,25,2026-08-21
WB-100715,Erkaklar futbolkasi Basic,Kiyim va poyabzal,60000.0,27,4.2,40,715,4.4,25,2026-04-30
WB-100716,Erkaklar futbolkasi Basic,Kiyim va poyabzal,668000.0,36,4.3,53,1031,4.3,100,2026-02-28
WB-100717,Shampun Sulfatsiz,Go'zallik va parvarish,402000.0,51,4.9,15,974,4.4,10,2025-11-28
WB-100718,Sviter Casual,Kiyim va poyabzal,611000.0,29,4.9,171,1609,4.7,50,2026-05-30
WB-100719,Choyshablar to'plami Satina,Uy-ro'zg'or buyumlari,732000.0,47,4.3,151,1952,4.7,100,2025-09-02
WB-100720,Velosiped chirog'i LED,Sport va dam olish,68000.0,10,4.2,142,1284,4.8,500,2026-05-11
WB-100721,Bokal to'plami (6 dona),Uy-ro'zg'or buyumlari,435000.0,19,4.8,27,540,4.5,0,2026-05-11
WB-100722,Parfyum Elixir 50ml,Go'zallik va parvarish,387000.0,31,4.8,15,665,4.6,250,2025-11-05
WB-100723,Erkaklar futbolkasi Basic,Kiyim va poyabzal,632000.0,35,5.0,91,973,4.9,25,2026-02-04
WB-100724,Lab bo'yog'i Matte,Go'zallik va parvarish,199000.0,24,4.3,7,566,4.4,25,2025-11-20
WB-100725,Idish yuvish geli 1L,Uy-ro'zg'or buyumlari,107000.0,34,4.2,127,1550,4.4,500,2026-04-05
WB-100726,Qo'l kremi Mini,Go'zallik va parvarish,91000.0,37,5.0,55,1120,4.7,10,2025-11-20
WB-100727,Organayzer javon,Uy-ro'zg'or buyumlari,45000.0,39,4.7,60,1087,4.6,10,2026-04-11
WB-100728,Sviter Casual,Kiyim va poyabzal,182000.0,35,4.4,12,711,4.6,500,2026-07-17
WB-100729,Organayzer javon,Uy-ro'zg'or buyumlari,133000.0,33,4.5,407,3830,4.9,25,2026-08-19
WB-100730,Oshxona tarozisi Elektron,Uy-ro'zg'or buyumlari,617000.0,28,4.9,33,775,4.9,0,2025-09-13
WB-100731,Qo'l kremi Mini,Go'zallik va parvarish,85000.0,37,4.5,66,940,4.5,250,2026-03-06
WB-100732,Suv idishi Sport 750ml,Sport va dam olish,143000.0,40,4.6,374,2616,4.5,0,2025-09-13
WB-100733,Tish tozalovchi kukun,Go'zallik va parvarish,102000.0,6,4.8,139,1181,5.0,25,2026-05-04
WB-100734,Yumshoq ayiqcha Plush,Bolalar tovarlari,483000.0,61,3.8,180,1695,4.8,500,2026-04-23
WB-100735,USB Type-C kabel Tezkor,Elektronika,329000.0,31,4.7,175,1477,4.6,50,2026-06-26
WB-100736,Bolalar kolyaskasi Yengil,Bolalar tovarlari,258000.0,17,4.4,81,909,4.7,250,2026-03-25
WB-100737,Bolalar kolyaskasi Yengil,Bolalar tovarlari,435000.0,35,4.5,612,2792,4.4,0,2025-09-21
WB-100738,Chizmachilik to'plami 100+ dona,Bolalar tovarlari,209000.0,53,5.0,428,4144,5.0,0,2025-10-31
WB-100739,Erkaklar futbolkasi Basic,Kiyim va poyabzal,680000.0,30,4.6,13,646,4.6,10,2025-09-06
WB-100740,Erkaklar futbolkasi Basic,Kiyim va poyabzal,567000.0,38,4.3,24,841,4.2,25,2026-04-19
WB-100741,Mikrofibra sochiqlar to'plami,Uy-ro'zg'or buyumlari,236000.0,52,5.0,3,891,4.6,500,2026-03-26
WB-100742,Parfyum Elixir 50ml,Go'zallik va parvarish,416000.0,11,4.5,66,663,4.5,10,2025-12-08
WB-100743,Avtomobil ushlagichi,Elektronika,1121000.0,55,4.8,77,1381,4.7,0,2026-02-28
WB-100744,Ayollar ko'ylagi Vintage,Kiyim va poyabzal,383000.0,37,4.2,32,808,4.7,0,2026-01-27
WB-100745,Sport sumkasi Suv o'tkazmaydigan,Sport va dam olish,204000.0,54,4.4,99,1589,4.7,25,2025-08-26
WB-100746,Shaker Protein,Sport va dam olish,159000.0,35,3.9,437,3554,4.7,250,2026-05-06
WB-100747,Paypoqlar to'plami (5 juft),Kiyim va poyabzal,769000.0,5,4.6,4,307,4.5,250,2025-10-08
WB-100748,Krossovka Sport Run,Kiyim va poyabzal,744000.0,55,5.0,87,1472,4.1,25,2026-04-08
WB-100749,Mexanik klaviatura RGB,Elektronika,149000.0,29,4.0,32,774,4.2,100,2026-07-09
WB-100750,Qishki kurtka Oversize,Kiyim va poyabzal,547000.0,60,4.4,10,967,5.0,10,2025-09-25
WB-100751,Krossovka Sport Run,Kiyim va poyabzal,692000.0,5,4.8,460,3449,4.8,0,2026-06-09
WB-100752,Mexanik klaviatura RGB,Elektronika,1554000.0,41,4.4,54,1130,4.5,250,2026-03-21
WB-100753,Konstruktor Lego mos keluvchi,Bolalar tovarlari,389000.0,19,4.0,33,714,4.6,25,2026-03-02
WB-100754,Uy shippagi Soft,Kiyim va poyabzal,838000.0,28,4.2,75,1001,4.5,10,2025-10-16
WB-100755,Termos 1L zanglamas,Uy-ro'zg'or buyumlari,319000.0,47,4.6,111,1292,4.5,50,2025-09-10
WB-100756,Jinsi shim Slim Fit,Kiyim va poyabzal,345000.0,54,4.6,57,1308,4.8,50,2025-12-09
WB-100757,Termo ichki kiyim,Sport va dam olish,205000.0,30,4.4,8,619,5.0,500,2026-03-24
WB-100758,Simsiz quloqchin TWS,Elektronika,239000.0,46,4.3,167,1469,4.8,50,2026-05-23
WB-100759,Havo tozalagich diffuzor,Uy-ro'zg'or buyumlari,687000.0,9,4.2,98,1073,5.0,100,2026-07-03
WB-100760,Bolalar butilkasi Anti-kolik,Bolalar tovarlari,53000.0,62,4.0,83,1370,4.2,25,2026-05-15
WB-100761,Gantellar to'plami 2x5kg,Sport va dam olish,427000.0,22,4.1,4,517,5.0,500,2025-11-15
WB-100762,Jinsi shim Slim Fit,Kiyim va poyabzal,925000.0,32,4.5,201,1350,4.4,500,2025-10-24
WB-100763,Qo'l kremi Mini,Go'zallik va parvarish,174000.0,42,4.2,438,2936,4.5,25,2025-11-20
WB-100764,USB Type-C kabel Tezkor,Elektronika,1534000.0,28,4.2,39,834,4.4,0,2025-10-14
WB-100765,Yoga mat 6mm,Sport va dam olish,343000.0,35,3.7,12,679,4.6,25,2026-03-25
WB-100766,Shampun Sulfatsiz,Go'zallik va parvarish,,27,4.5,411,3651,4.8,250,2026-03-12
WB-100767,Qishki kurtka Oversize,Kiyim va poyabzal,,28,4.2,279,2671,4.6,50,2025-09-07
WB-100768,Avtomobil ushlagichi,Elektronika,1490000.0,24,4.3,383,3564,5.0,10,2026-07-03
WB-100769,Masofadan boshqariladigan mashina,Bolalar tovarlari,283000.0,48,4.4,156,1626,4.7,10,2025-10-11
WB-100770,Paypoqlar to'plami (5 juft),Kiyim va poyabzal,758000.0,46,4.1,36,994,4.5,0,2025-09-04
WB-100771,Yuz kremi Namlantiruvchi,Go'zallik va parvarish,288000.0,5,4.2,101,637,3.9,250,2026-07-11
WB-100772,Termos 1L zanglamas,Uy-ro'zg'or buyumlari,244000.0,24,4.4,181,1791,4.2,25,2025-10-03
WB-100773,Tish tozalovchi kukun,Go'zallik va parvarish,393000.0,61,5.0,15,1043,4.8,0,2026-05-02
WB-100774,Ayollar ko'ylagi Vintage,Kiyim va poyabzal,497000.0,40,4.5,383,2174,4.4,25,2026-07-12
WB-100775,Erkaklar futbolkasi Basic,Kiyim va poyabzal,864000.0,23,4.1,231,1410,4.8,100,2026-06-25
WB-100776,Oshxona pichoqlar to'plami,Uy-ro'zg'or buyumlari,169000.0,38,4.5,86,1052,4.5,10,2025-09-06
WB-100777,Yostiq Ortopedik,Uy-ro'zg'or buyumlari,223000.0,5,4.6,51,589,5.0,50,2026-04-02
WB-100778,Krossovka Sport Run,Kiyim va poyabzal,236000.0,48,4.0,392,2346,4.3,10,2025-12-05
WB-100779,Plastilin to'plami,Bolalar tovarlari,376000.0,33,4.8,13,711,4.8,250,2025-09-23
WB-100780,Velosiped chirog'i LED,Sport va dam olish,398000.0,27,5.0,124,1543,4.6,10,2026-02-03
WB-100781,Jinsi shim Slim Fit,Kiyim va poyabzal,645000.0,16,4.9,15,529,4.6,50,2026-06-08
WB-100782,Qo'l kremi Mini,Go'zallik va parvarish,146000.0,37,4.7,98,1375,4.4,250,2025-09-29
WB-100783,Bokal to'plami (6 dona),Uy-ro'zg'or buyumlari,259000.0,30,4.7,194,1733,4.6,0,2026-04-10
WB-100784,Ring Light lampa,Elektronika,117000.0,61,4.6,102,1314,4.6,50,2025-09-09
WB-100785,Erkaklar futbolkasi Basic,Kiyim va poyabzal,122000.0,57,4.9,154,1659,4.3,100,2026-01-29
WB-100786,Simsiz sichqoncha,Elektronika,929000.0,14,3.9,222,2099,4.7,500,2025-08-27
WB-100787,Plastilin to'plami,Bolalar tovarlari,171000.0,55,4.8,200,2334,4.6,250,2025-09-17
WB-100788,Qishki kurtka Oversize,Kiyim va poyabzal,127000.0,25,4.9,200,1494,4.7,50,2025-10-22
WB-100789,Bokal to'plami (6 dona),Uy-ro'zg'or buyumlari,489000.0,26,4.1,33,696,4.6,500,2026-04-26
WB-100790,Smart soat Pro,Elektronika,687000.0,40,4.3,125,1618,4.5,50,2025-09-21
WB-100791,Qo'l kremi Mini,Go'zallik va parvarish,105000.0,43,4.6,107,1399,4.3,25,2026-08-19
WB-100792,Lab bo'yog'i Matte,Go'zallik va parvarish,118000.0,8,5.0,242,1754,4.4,25,2026-03-26
WB-100793,Yumshoq ayiqcha Plush,Bolalar tovarlari,127000.0,52,4.1,33,1088,4.7,250,2026-05-20
WB-100794,Yoga mat 6mm,Sport va dam olish,256000.0,38,4.8,67,1015,4.7,0,2026-07-20
WB-100795,Jinsi shim Slim Fit,Kiyim va poyabzal,418000.0,19,4.3,81,879,4.3,0,2025-12-12
WB-100796,Yuz zardobi Hyaluron,Go'zallik va parvarish,53000.0,43,4.6,116,1522,4.7,250,2026-08-11
WB-100797,Havo tozalagich diffuzor,Uy-ro'zg'or buyumlari,489000.0,31,4.2,0,613,4.4,250,2026-01-25
WB-100798,Ayollar ko'ylagi Vintage,Kiyim va poyabzal,208000.0,26,4.8,393,3103,4.6,25,2025-09-30
WB-100799,Klassik kostyum-shim,Kiyim va poyabzal,923000.0,19,4.3,34,596,4.3,25,2025-12-16
WB-100800,Ayollar ko'ylagi Vintage,Kiyim va poyabzal,149000.0,39,4.2,80,1063,4.5,25,2026-02-24
WB-100801,Bluetooth karnay Mini,Elektronika,1613000.0,39,3.8,278,2411,4.8,250,2026-07-15
WB-100802,Chizmachilik to'plami 100+ dona,Bolalar tovarlari,243000.0,54,4.6,142,1656,4.7,50,2026-07-15
WB-100803,Quyoshdan himoya kremi SPF50,Go'zallik va parvarish,407000.0,5,4.8,89,701,4.1,50,2026-06-19
WB-100804,Simsiz quloqchin TWS,Elektronika,1077000.0,26,,15,591,4.4,25,2026-01-16
WB-100805,Gantellar to'plami 2x5kg,Sport va dam olish,,57,5.0,117,1687,4.8,500,2026-01-19
WB-100806,Ring Light lampa,Elektronika,292000.0,33,4.5,52,1013,4.6,25,2026-05-06
WB-100807,Ayollar ko'ylagi Vintage,Kiyim va poyabzal,695000.0,50,4.9,67,1356,4.7,25,2025-12-27
WB-100808,Smart soat Pro,Elektronika,1616000.0,52,4.3,22,991,4.3,10,2026-08-06
WB-100809,Telefon g'ilofi Silikon,Elektronika,598000.0,51,4.7,118,1523,5.0,50,2025-10-10
WB-100810,Bluetooth karnay Mini,Elektronika,886000.0,20,4.7,63,659,4.4,50,2025-10-06
WB-100811,Telefon g'ilofi Silikon,Elektronika,1078000.0,20,4.8,276,2574,4.8,10,2026-03-16
WB-100812,Choyshablar to'plami Satina,Uy-ro'zg'or buyumlari,361000.0,39,4.5,212,2055,4.7,25,2026-06-07
WB-100813,Paypoqlar to'plami (5 juft),Kiyim va poyabzal,660000.0,34,4.4,27,744,4.3,10,2026-08-02
WB-100814,Yuz kremi Namlantiruvchi,Go'zallik va parvarish,367000.0,27,4.3,8,597,4.4,10,2025-12-04
WB-100815,Qo'l kremi Mini,Go'zallik va parvarish,49000.0,46,4.7,486,4298,4.3,500,2026-07-01
WB-100816,Qo'l kremi Mini,Go'zallik va parvarish,87000.0,43,4.5,163,1462,4.6,10,2026-04-22
WB-100817,Paypoqlar to'plami (5 juft),Kiyim va poyabzal,499000.0,27,4.2,143,1093,4.7,0,2026-01-14
WB-100818,Qishki kurtka Oversize,Kiyim va poyabzal,90000.0,22,4.1,70,1002,4.7,250,2026-04-13
WB-100819,Avtomobil ushlagichi,Elektronika,443000.0,49,4.3,86,1195,4.9,100,2026-02-11
WB-100820,Qishki kurtka Oversize,Kiyim va poyabzal,882000.0,61,4.8,79,1582,4.5,250,2026-05-08
WB-100821,Klassik kostyum-shim,Kiyim va poyabzal,584000.0,17,4.3,212,1264,4.7,10,2025-10-10
WB-100822,Havo tozalagich diffuzor,Uy-ro'zg'or buyumlari,577000.0,62,4.4,158,1701,4.5,50,2026-03-25
WB-100823,Simsiz quloqchin TWS,Elektronika,1536000.0,57,4.8,111,1750,4.5,250,2026-04-09
WB-100824,Yuz zardobi Hyaluron,Go'zallik va parvarish,108000.0,12,4.5,30,556,4.7,500,2025-11-28
WB-100825,Yoga mat 6mm,Sport va dam olish,164000.0,46,3.8,53,1029,4.6,10,2026-08-06
WB-100826,Soch maskasi Keratin,Go'zallik va parvarish,106000.0,42,5.0,83,1209,4.3,500,2025-09-25
WB-100827,Masofadan boshqariladigan mashina,Bolalar tovarlari,88000.0,37,4.2,15,715,4.5,10,2026-01-17
WB-100828,Oshxona pichoqlar to'plami,Uy-ro'zg'or buyumlari,658000.0,41,4.7,91,1120,4.6,25,2026-03-14
WB-100829,Masofadan boshqariladigan mashina,Bolalar tovarlari,306000.0,45,4.4,3,779,4.8,500,2025-09-21
WB-100830,Mikrofibra sochiqlar to'plami,Uy-ro'zg'or buyumlari,200000.0,67,4.9,281,2923,4.5,0,2026-03-23
WB-100831,Sviter Casual,Kiyim va poyabzal,486000.0,51,4.9,13,935,4.8,50,2026-01-24
WB-100832,Erkaklar futbolkasi Basic,Kiyim va poyabzal,83000.0,36,4.3,112,1235,4.6,50,2025-09-17
WB-100833,Uy shippagi Soft,Kiyim va poyabzal,549000.0,40,4.6,114,1565,4.8,0,2025-12-21
WB-100834,Sviter Casual,Kiyim va poyabzal,566000.0,37,4.5,152,1771,4.7,10,2026-01-13
WB-100835,Termos 1L zanglamas,Uy-ro'zg'or buyumlari,749000.0,45,4.8,128,1650,4.9,10,2026-05-02
WB-100836,Bolalar kolyaskasi Yengil,Bolalar tovarlari,291000.0,30,4.8,96,1314,5.0,25,2026-08-14
WB-100837,Mexanik klaviatura RGB,Elektronika,1293000.0,26,4.3,27,659,4.6,250,2026-06-01
WB-100838,Chizmachilik to'plami 100+ dona,Bolalar tovarlari,65000.0,36,4.9,173,2063,4.7,25,2026-01-11
WB-100839,Fitnes rezinkalar to'plami,Sport va dam olish,210000.0,21,4.2,238,1728,4.6,10,2026-07-25
WB-100840,Avtomobil ushlagichi,Elektronika,1392000.0,65,4.2,168,1847,4.4,500,2026-06-20
WB-100841,Idish yuvish geli 1L,Uy-ro'zg'or buyumlari,343000.0,13,4.7,159,1006,4.8,250,2026-08-04
WB-100842,Qo'l kremi Mini,Go'zallik va parvarish,268000.0,18,4.3,21,546,4.0,10,2025-08-29
WB-100843,Telefon g'ilofi Silikon,Elektronika,,29,4.9,4,611,4.8,250,2026-06-29
WB-100844,Organayzer javon,Uy-ro'zg'or buyumlari,640000.0,32,4.5,1,599,4.9,100,2025-12-11
WB-100845,Paypoqlar to'plami (5 juft),Kiyim va poyabzal,551000.0,50,4.4,35,1071,4.9,10,2026-07-10
WB-100846,Termos 1L zanglamas,Uy-ro'zg'or buyumlari,112000.0,57,4.6,236,2390,4.7,0,2026-08-22
WB-100847,Klassik kostyum-shim,Kiyim va poyabzal,541000.0,45,4.6,13,855,4.7,10,2026-02-04
WB-100848,Oshxona pichoqlar to'plami,Uy-ro'zg'or buyumlari,492000.0,40,4.4,47,1026,4.8,250,2026-03-01
WB-100849,Lab bo'yog'i Matte,Go'zallik va parvarish,182000.0,32,4.7,107,1051,4.8,250,2026-05-09
WB-100850,Termo ichki kiyim,Sport va dam olish,547000.0,58,4.6,57,1392,4.6,10,2026-06-07
WB-100851,Qo'l kremi Mini,Go'zallik va parvarish,254000.0,57,5.0,192,2117,4.3,25,2026-01-06
WB-100852,Sakrash arqoni Metall simli,Sport va dam olish,188000.0,36,4.2,73,1162,4.7,250,2026-03-19
WB-100853,Tana skrabı Kofe,Go'zallik va parvarish,303000.0,22,4.3,65,884,4.5,100,2025-12-25
WB-100854,Lab bo'yog'i Matte,Go'zallik va parvarish,282000.0,38,4.2,15,742,4.6,50,2026-07-11
WB-100855,Charm kamar,Kiyim va poyabzal,74000.0,43,4.7,97,1499,4.5,0,2026-03-30
WB-100856,Sviter Casual,Kiyim va poyabzal,832000.0,63,4.1,52,1216,4.5,0,2026-02-10
WB-100857,Tish tozalovchi kukun,Go'zallik va parvarish,71000.0,33,4.4,304,3009,4.4,250,2026-04-02
WB-100858,Krossovka Sport Run,Kiyim va poyabzal,704000.0,11,4.2,85,732,4.6,250,2026-07-20
WB-100859,Paypoqlar to'plami (5 juft),Kiyim va poyabzal,309000.0,36,4.2,81,926,4.6,100,2026-03-28
WB-100860,Yostiq Ortopedik,Uy-ro'zg'or buyumlari,60000.0,64,4.3,157,1836,5.0,25,2025-10-11
WB-100861,Simsiz sichqoncha,Elektronika,835000.0,44,4.3,299,3127,4.0,250,2026-01-11
WB-100862,Chizmachilik to'plami 100+ dona,Bolalar tovarlari,60000.0,66,4.0,93,1699,4.6,0,2026-02-27
WB-100863,Soch maskasi Keratin,Go'zallik va parvarish,246000.0,41,4.2,13,808,4.4,50,2026-05-01
WB-100864,Yoga mat 6mm,Sport va dam olish,631000.0,43,4.0,30,851,4.8,50,2026-07-10
WB-100865,Klassik kostyum-shim,Kiyim va poyabzal,854000.0,41,4.5,146,1584,4.9,500,2026-07-08
WB-100866,Krossovka Sport Run,Kiyim va poyabzal,582000.0,42,4.3,26,859,4.6,50,2026-01-13
WB-100867,Sviter Casual,Kiyim va poyabzal,823000.0,34,4.5,8,689,4.8,50,2026-08-09
WB-100868,Tana skrabı Kofe,Go'zallik va parvarish,231000.0,29,4.3,42,754,4.9,500,2026-07-10
WB-100869,Shampun Sulfatsiz,Go'zallik va parvarish,118000.0,66,4.3,173,1931,4.7,50,2025-10-20
WB-100870,Havo tozalagich diffuzor,Uy-ro'zg'or buyumlari,532000.0,27,3.9,79,1072,4.6,10,2025-09-05
WB-100871,Plastilin to'plami,Bolalar tovarlari,79000.0,36,4.2,45,867,4.7,0,2026-01-06
WB-100872,Yuz kremi Namlantiruvchi,Go'zallik va parvarish,156000.0,18,4.7,21,512,4.2,100,2026-06-30
WB-100873,Erkaklar futbolkasi Basic,Kiyim va poyabzal,774000.0,54,4.8,291,2885,4.5,100,2025-12-07
WB-100874,Sviter Casual,Kiyim va poyabzal,412000.0,32,4.2,21,689,4.8,10,2025-08-28
WB-100875,Yoga mat 6mm,Sport va dam olish,346000.0,36,4.4,39,778,4.3,0,2026-01-08
WB-100876,Mexanik klaviatura RGB,Elektronika,,34,4.2,10,658,4.2,50,2025-09-01
WB-100877,Lab bo'yog'i Matte,Go'zallik va parvarish,66000.0,22,4.3,213,2059,4.3,250,2025-09-02
WB-100878,Paypoqlar to'plami (5 juft),Kiyim va poyabzal,480000.0,33,4.6,408,3044,4.7,100,2026-05-08
WB-100879,Qo'l kremi Mini,Go'zallik va parvarish,429000.0,36,3.9,72,1111,4.7,50,2026-02-27
WB-100880,Powerbank 20000mAh,Elektronika,1473000.0,41,4.5,22,869,4.6,10,2026-03-16
WB-100881,Idish yuvish geli 1L,Uy-ro'zg'or buyumlari,578000.0,51,4.6,63,1279,4.5,250,2026-06-07
WB-100882,Telefon g'ilofi Silikon,Elektronika,1379000.0,40,4.1,45,969,5.0,100,2026-06-02
WB-100883,Ayollar ko'ylagi Vintage,Kiyim va poyabzal,439000.0,41,4.6,1,741,4.7,500,2025-10-19
WB-100884,Sviter Casual,Kiyim va poyabzal,494000.0,34,4.1,61,901,4.7,250,2026-01-07
WB-100885,Powerbank 20000mAh,Elektronika,323000.0,24,4.5,114,1268,4.6,50,2025-12-07
WB-100886,Yostiq Ortopedik,Uy-ro'zg'or buyumlari,148000.0,31,4.1,45,717,4.7,0,2026-01-28
WB-100887,Charm kamar,Kiyim va poyabzal,355000.0,50,4.6,20,922,4.5,250,2025-08-29
WB-100888,Plastilin to'plami,Bolalar tovarlari,369000.0,27,5.0,61,829,4.5,0,2026-06-21
WB-100889,USB Type-C kabel Tezkor,Elektronika,1049000.0,47,4.8,124,1418,4.4,100,2026-01-10
WB-100890,Soch maskasi Keratin,Go'zallik va parvarish,114000.0,45,4.5,29,984,4.5,50,2025-08-22
WB-100891,Sviter Casual,Kiyim va poyabzal,778000.0,19,4.7,43,764,4.8,500,2026-03-07
WB-100892,Bolalar butilkasi Anti-kolik,Bolalar tovarlari,340000.0,56,4.0,373,3790,4.3,500,2026-04-02
WB-100893,Oshxona pichoqlar to'plami,Uy-ro'zg'or buyumlari,432000.0,22,4.6,3,484,4.7,250,2026-03-27
WB-100894,Sport sumkasi Suv o'tkazmaydigan,Sport va dam olish,273000.0,45,5.0,1,793,4.6,25,2026-02-06
WB-100895,Simsiz quloqchin TWS,Elektronika,1124000.0,46,4.6,78,1069,4.4,250,2025-09-20
WB-100896,Bolalar futbolkasi Paxta,Bolalar tovarlari,598000.0,23,4.2,76,1059,4.1,0,2026-02-27
WB-100897,Krossovka Sport Run,Kiyim va poyabzal,835000.0,45,4.8,224,1617,4.5,0,2026-05-27
WB-100898,Mikrofibra sochiqlar to'plami,Uy-ro'zg'or buyumlari,,19,3.8,273,1625,4.6,25,2026-05-13
WB-100899,Simsiz quloqchin TWS,Elektronika,192000.0,43,4.1,156,1319,4.7,10,2026-08-09
WB-100900,Mikrofibra sochiqlar to'plami,Uy-ro'zg'or buyumlari,254000.0,28,4.4,75,1146,4.9,0,2025-10-20
WB-100901,Klassik kostyum-shim,Kiyim va poyabzal,586000.0,60,4.4,186,1773,4.7,250,2025-12-26
WB-100902,Sport sumkasi Suv o'tkazmaydigan,Sport va dam olish,496000.0,34,4.2,57,894,4.9,50,2025-12-15
WB-100903,Qishki kurtka Oversize,Kiyim va poyabzal,291000.0,28,4.6,52,840,4.3,500,2026-07-11
WB-100904,Taktik ryukzak 40L,Sport va dam olish,275000.0,24,4.4,145,1261,4.2,10,2026-02-13
WB-100905,Rivojlantiruvchi taxta Busyboard,Bolalar tovarlari,95000.0,36,4.2,75,945,4.8,10,2026-04-22
WB-100906,Mexanik klaviatura RGB,Elektronika,1212000.0,45,4.3,13,838,4.5,50,2026-02-09
WB-100907,Klassik kostyum-shim,Kiyim va poyabzal,333000.0,25,4.5,2,519,4.7,50,2026-03-14
WB-100908,Idish yuvish geli 1L,Uy-ro'zg'or buyumlari,273000.0,29,4.2,423,3720,4.1,100,2025-10-16
WB-100909,Termo ichki kiyim,Sport va dam olish,402000.0,39,4.7,42,957,4.3,100,2025-11-01
WB-100910,Yoga mat 6mm,Sport va dam olish,229000.0,37,3.9,73,971,4.6,10,2026-01-23
WB-100911,Plastilin to'plami,Bolalar tovarlari,95000.0,35,5.0,224,1813,4.6,50,2026-05-30
WB-100912,Termo ichki kiyim,Sport va dam olish,547000.0,28,3.9,12,591,4.5,500,2026-02-05
WB-100913,Bokal to'plami (6 dona),Uy-ro'zg'or buyumlari,460000.0,21,4.4,132,1557,4.7,10,2025-12-20
WB-100914,Masofadan boshqariladigan mashina,Bolalar tovarlari,378000.0,30,4.6,31,788,4.7,0,2026-02-11
WB-100915,Qishki kurtka Oversize,Kiyim va poyabzal,404000.0,36,4.4,381,2730,4.9,500,2025-10-15
WB-100916,Oshxona pichoqlar to'plami,Uy-ro'zg'or buyumlari,502000.0,12,4.9,21,445,4.6,0,2026-04-27
WB-100917,Simsiz quloqchin TWS,Elektronika,601000.0,33,5.0,111,1416,4.7,50,2026-08-21
WB-100918,Powerbank 20000mAh,Elektronika,1767000.0,20,4.4,134,1001,5.0,100,2026-01-01
WB-100919,Oshxona tarozisi Elektron,Uy-ro'zg'or buyumlari,343000.0,30,4.5,242,1963,4.7,25,2025-12-29
WB-100920,Mikrofibra sochiqlar to'plami,Uy-ro'zg'or buyumlari,421000.0,41,4.8,2,726,4.3,25,2025-09-09
WB-100921,Sviter Casual,Kiyim va poyabzal,144000.0,31,4.0,67,929,4.5,10,2026-05-17
WB-100922,Simsiz quloqchin TWS,Elektronika,332000.0,56,4.4,256,2242,4.6,250,2026-01-23
WB-100923,Velosiped chirog'i LED,Sport va dam olish,480000.0,34,4.4,292,2931,4.3,25,2026-07-03
WB-100924,Erkaklar futbolkasi Basic,Kiyim va poyabzal,393000.0,9,4.6,68,811,4.4,250,2025-09-14
WB-100925,Organayzer javon,Uy-ro'zg'or buyumlari,34000.0,41,5.0,128,1313,4.7,250,2026-01-31
WB-100926,Termos 1L zanglamas,Uy-ro'zg'or buyumlari,76000.0,29,,210,1876,4.4,50,2026-04-22
WB-100927,Bluetooth karnay Mini,Elektronika,1495000.0,52,5.0,82,1366,4.8,50,2025-09-07
WB-100928,Charm kamar,Kiyim va poyabzal,560000.0,29,4.7,502,3172,4.8,250,2026-04-18
WB-100929,Klassik kostyum-shim,Kiyim va poyabzal,563000.0,12,4.8,167,1181,3.8,50,2026-05-24
WB-100930,Yumshoq ayiqcha Plush,Bolalar tovarlari,265000.0,36,4.7,40,971,3.9,50,2026-05-30
WB-100931,Ring Light lampa,Elektronika,560000.0,37,4.0,130,1491,4.3,100,2026-05-23
WB-100932,Simsiz sichqoncha,Elektronika,572000.0,42,4.4,247,2076,4.6,500,2026-04-16
WB-100933,Paypoqlar to'plami (5 juft),Kiyim va poyabzal,641000.0,50,4.4,121,1604,4.9,0,2026-06-24
WB-100934,Paypoqlar to'plami (5 juft),Kiyim va poyabzal,282000.0,19,4.3,11,504,4.1,250,2026-03-09
WB-100935,Chizmachilik to'plami 100+ dona,Bolalar tovarlari,299000.0,33,4.2,76,1127,4.7,0,2025-09-06
WB-100936,Paypoqlar to'plami (5 juft),Kiyim va poyabzal,455000.0,35,4.7,74,1143,4.1,500,2025-11-11
WB-100937,Erkaklar futbolkasi Basic,Kiyim va poyabzal,667000.0,19,4.7,76,874,4.0,250,2026-05-24
WB-100938,Quyoshdan himoya kremi SPF50,Go'zallik va parvarish,329000.0,8,4.7,7,399,4.2,0,2026-02-24
WB-100939,Soch maskasi Keratin,Go'zallik va parvarish,207000.0,40,4.6,36,973,4.5,10,2026-02-25
WB-100940,Suv idishi Sport 750ml,Sport va dam olish,168000.0,52,4.8,9,918,4.6,25,2026-02-13
WB-100941,Organayzer javon,Uy-ro'zg'or buyumlari,439000.0,13,4.2,19,468,4.8,25,2026-08-22
WB-100942,Qishki kurtka Oversize,Kiyim va poyabzal,483000.0,23,4.6,163,1600,4.8,50,2025-12-31
WB-100943,Qishki kurtka Oversize,Kiyim va poyabzal,192000.0,49,4.5,85,1425,4.6,10,2026-02-14
WB-100944,Quyoshdan himoya kremi SPF50,Go'zallik va parvarish,184000.0,46,4.2,22,918,5.0,0,2026-07-30
WB-100945,Telefon g'ilofi Silikon,Elektronika,338000.0,16,4.1,15,445,4.6,250,2025-08-28
WB-100946,Choyshablar to'plami Satina,Uy-ro'zg'or buyumlari,677000.0,34,4.2,4,674,4.5,25,2026-06-01
WB-100947,Shampun Sulfatsiz,Go'zallik va parvarish,437000.0,53,4.7,34,1030,4.2,250,2025-12-25
WB-100948,Paypoqlar to'plami (5 juft),Kiyim va poyabzal,297000.0,30,5.0,158,1824,4.5,25,2025-09-22
WB-100949,Oshxona tarozisi Elektron,Uy-ro'zg'or buyumlari,364000.0,9,4.4,46,629,4.7,0,2026-04-22
WB-100950,Charm kamar,Kiyim va poyabzal,327000.0,50,4.5,282,2703,4.7,100,2026-07-13
WB-100951,Uy shippagi Soft,Kiyim va poyabzal,595000.0,25,4.5,84,1034,4.5,500,2026-05-21
WB-100952,Parfyum Elixir 50ml,Go'zallik va parvarish,291000.0,54,4.9,24,997,4.4,50,2025-11-13
WB-100953,Oshxona pichoqlar to'plami,Uy-ro'zg'or buyumlari,696000.0,14,4.7,92,809,4.2,10,2026-01-26
WB-100954,Shampun Sulfatsiz,Go'zallik va parvarish,316000.0,44,4.4,133,1420,4.8,10,2025-11-10
WB-100955,Suv idishi Sport 750ml,Sport va dam olish,439000.0,41,3.9,37,944,4.7,25,2026-02-27
WB-100956,Bluetooth karnay Mini,Elektronika,853000.0,21,4.7,64,890,5.0,25,2026-07-18
WB-100957,Mikrofibra sochiqlar to'plami,Uy-ro'zg'or buyumlari,619000.0,41,5.0,35,1016,4.6,50,2026-02-04
WB-100958,Idish yuvish geli 1L,Uy-ro'zg'or buyumlari,392000.0,39,4.4,33,826,4.7,50,2025-09-14
WB-100959,Suv idishi Sport 750ml,Sport va dam olish,192000.0,54,4.5,7,890,4.9,50,2026-01-14
WB-100960,Havo tozalagich diffuzor,Uy-ro'zg'or buyumlari,734000.0,31,3.9,248,2081,4.5,50,2025-12-25
WB-100961,Choyshablar to'plami Satina,Uy-ro'zg'or buyumlari,412000.0,34,4.6,177,1322,4.2,25,2026-02-22
WB-100962,Chizmachilik to'plami 100+ dona,Bolalar tovarlari,223000.0,36,4.8,26,877,4.9,0,2025-11-01
WB-100963,Simsiz sichqoncha,Elektronika,1453000.0,37,4.4,548,3448,4.3,100,2026-02-05
WB-100964,Shampun Sulfatsiz,Go'zallik va parvarish,337000.0,5,4.1,182,1358,4.1,0,2026-06-11
WB-100965,Yoga mat 6mm,Sport va dam olish,508000.0,24,4.6,72,1057,4.2,0,2025-11-23
WB-100966,Qo'l kremi Mini,Go'zallik va parvarish,403000.0,24,4.7,117,1158,4.6,10,2026-01-01
WB-100967,Choyshablar to'plami Satina,Uy-ro'zg'or buyumlari,360000.0,21,4.0,102,1011,4.3,10,2025-11-26
WB-100968,Erkaklar futbolkasi Basic,Kiyim va poyabzal,535000.0,38,4.5,16,803,4.8,10,2026-07-24
WB-100969,USB Type-C kabel Tezkor,Elektronika,481000.0,57,4.2,3,933,4.6,50,2025-09-04
WB-100970,Bokal to'plami (6 dona),Uy-ro'zg'or buyumlari,65000.0,25,4.6,176,1654,5.0,100,2026-06-14
WB-100971,Oshxona pichoqlar to'plami,Uy-ro'zg'or buyumlari,707000.0,34,4.2,644,4085,4.7,100,2026-02-22
WB-100972,Fitnes rezinkalar to'plami,Sport va dam olish,44000.0,39,4.2,233,1909,4.4,50,2026-07-21
WB-100973,Uy shippagi Soft,Kiyim va poyabzal,,73,4.6,156,2323,4.7,10,2026-06-07
WB-100974,Charm kamar,Kiyim va poyabzal,738000.0,60,4.7,241,2503,4.8,10,2026-03-24
WB-100975,Gantellar to'plami 2x5kg,Sport va dam olish,263000.0,58,4.2,3,911,4.7,500,2026-01-04
WB-100976,Erkaklar futbolkasi Basic,Kiyim va poyabzal,851000.0,64,,293,2073,4.8,100,2025-11-16
WB-100977,Yumshoq ayiqcha Plush,Bolalar tovarlari,278000.0,71,,74,1512,4.4,500,2026-06-26
WB-100978,Parfyum Elixir 50ml,Go'zallik va parvarish,79000.0,27,4.2,114,1275,4.7,500,2026-06-10
WB-100979,Krossovka Sport Run,Kiyim va poyabzal,261000.0,40,4.6,62,1189,4.7,10,2026-07-25
WB-100980,Tish tozalovchi kukun,Go'zallik va parvarish,246000.0,7,4.2,171,975,4.8,100,2025-09-08
WB-100981,Yuz zardobi Hyaluron,Go'zallik va parvarish,441000.0,56,4.5,216,1886,4.6,50,2026-04-26
WB-100982,Masofadan boshqariladigan mashina,Bolalar tovarlari,270000.0,51,4.5,36,1038,4.2,100,2026-02-10
WB-100983,Simsiz sichqoncha,Elektronika,1408000.0,28,4.5,232,2172,5.0,50,2026-07-16
WB-100984,Charm kamar,Kiyim va poyabzal,799000.0,52,4.9,16,926,4.7,0,2026-05-07
WB-100985,Pampers to'plami XL,Bolalar tovarlari,153000.0,40,4.3,2,699,4.9,10,2026-06-06
WB-100986,Bolalar butilkasi Anti-kolik,Bolalar tovarlari,344000.0,17,3.4,21,466,4.3,500,2026-07-04
WB-100987,Choyshablar to'plami Satina,Uy-ro'zg'or buyumlari,708000.0,12,4.1,39,678,4.5,100,2026-03-25
WB-100988,Qishki kurtka Oversize,Kiyim va poyabzal,60000.0,34,4.9,44,952,4.2,0,2026-03-20
WB-100989,Jinsi shim Slim Fit,Kiyim va poyabzal,408000.0,43,4.8,107,1243,4.7,25,2025-11-01
WB-100990,Yostiq Ortopedik,Uy-ro'zg'or buyumlari,178000.0,42,4.7,47,1017,4.6,500,2026-07-09
WB-100991,Smart soat Pro,Elektronika,1011000.0,28,4.4,254,2305,4.1,0,2026-03-05
WB-100992,Qo'l kremi Mini,Go'zallik va parvarish,274000.0,51,4.1,189,2134,4.7,250,2026-06-26
WB-100993,Charm kamar,Kiyim va poyabzal,805000.0,50,4.4,121,1714,5.0,25,2025-12-28
WB-100994,Organayzer javon,Uy-ro'zg'or buyumlari,738000.0,41,4.6,196,1599,4.6,250,2026-01-05
WB-100995,Choyshablar to'plami Satina,Uy-ro'zg'or buyumlari,467000.0,16,4.3,245,2016,4.6,500,2026-07-17
WB-100996,Jinsi shim Slim Fit,Kiyim va poyabzal,381000.0,19,3.8,65,772,4.4,500,2026-04-04
WB-100997,Qo'l kremi Mini,Go'zallik va parvarish,371000.0,16,4.1,132,879,4.6,25,2025-10-11
WB-100998,Charm kamar,Kiyim va poyabzal,816000.0,34,5.0,50,1052,4.9,0,2026-02-04
WB-100999,Powerbank 20000mAh,Elektronika,440000.0,37,4.1,46,880,5.0,500,2026-05-04
WB-101000,Yuz zardobi Hyaluron,Go'zallik va parvarish,160000.0,23,5.0,11,563,4.4,500,2026-03-05
WB-101001,Tana skrabı Kofe,Go'zallik va parvarish,368000.0,54,4.1,384,2783,4.8,100,2026-08-15
WB-101002,Lab bo'yog'i Matte,Go'zallik va parvarish,194000.0,31,4.3,11,676,4.4,25,2025-11-04
WB-101003,Mexanik klaviatura RGB,Elektronika,258000.0,61,4.3,262,2210,4.6,10,2026-04-05
WB-101004,Qishki kurtka Oversize,Kiyim va poyabzal,83000.0,38,5.0,29,887,4.8,10,2025-08-28
WB-101005,Bolalar futbolkasi Paxta,Bolalar tovarlari,510000.0,18,4.7,100,1004,4.3,250,2026-06-12
WB-101006,Havo tozalagich diffuzor,Uy-ro'zg'or buyumlari,608000.0,33,4.8,276,2759,4.8,250,2025-10-29
WB-101007,Choyshablar to'plami Satina,Uy-ro'zg'or buyumlari,447000.0,62,4.9,508,4378,4.6,500,2026-06-27
WB-101008,Choyshablar to'plami Satina,Uy-ro'zg'or buyumlari,621000.0,36,4.8,217,1858,4.7,0,2025-11-17
WB-101009,Havo tozalagich diffuzor,Uy-ro'zg'or buyumlari,373000.0,33,4.4,52,1024,4.8,250,2025-09-05
WB-101010,Yostiq Ortopedik,Uy-ro'zg'or buyumlari,740000.0,38,4.9,92,1290,4.9,100,2026-03-18
WB-101011,Havo tozalagich diffuzor,Uy-ro'zg'or buyumlari,651000.0,39,4.5,168,1731,4.5,0,2026-05-20
WB-101012,Paypoqlar to'plami (5 juft),Kiyim va poyabzal,749000.0,63,4.5,3,1006,4.4,0,2026-03-16
WB-101013,Mexanik klaviatura RGB,Elektronika,736000.0,6,4.6,24,432,4.8,25,2026-05-04
WB-101014,Klassik kostyum-shim,Kiyim va poyabzal,937000.0,25,4.3,167,1527,4.6,100,2025-09-21
WB-101015,Sviter Casual,Kiyim va poyabzal,71000.0,29,4.8,193,1753,4.7,10,2025-11-26
WB-101016,Tana skrabı Kofe,Go'zallik va parvarish,66000.0,31,4.3,56,798,4.8,500,2025-11-20
WB-101017,Ring Light lampa,Elektronika,147000.0,5,4.3,339,2693,4.8,25,2026-08-06
WB-101018,Suv idishi Sport 750ml,Sport va dam olish,158000.0,46,4.9,49,1049,4.2,500,2026-04-08
WB-101019,Jinsi shim Slim Fit,Kiyim va poyabzal,385000.0,36,5.0,25,786,5.0,50,2026-07-25
WB-101020,Sviter Casual,Kiyim va poyabzal,141000.0,16,3.9,99,1024,4.5,250,2025-12-02
WB-101021,Organayzer javon,Uy-ro'zg'or buyumlari,710000.0,20,4.7,10,534,4.8,100,2026-03-09
WB-101022,Mikrofibra sochiqlar to'plami,Uy-ro'zg'or buyumlari,410000.0,70,4.7,44,1368,4.4,250,2026-01-29
WB-101023,Qishki kurtka Oversize,Kiyim va poyabzal,403000.0,23,4.8,208,1864,4.7,500,2025-11-21
WB-101024,Jinsi shim Slim Fit,Kiyim va poyabzal,,65,4.3,149,1576,4.8,250,2026-07-01
WB-101025,Ayollar ko'ylagi Vintage,Kiyim va poyabzal,883000.0,46,4.5,201,2296,4.5,500,2025-12-16
WB-101026,Krossovka Sport Run,Kiyim va poyabzal,593000.0,26,4.3,306,2531,4.1,25,2025-12-04
WB-101027,Termo ichki kiyim,Sport va dam olish,461000.0,21,4.7,39,794,4.3,100,2025-08-27
WB-101028,Oshxona tarozisi Elektron,Uy-ro'zg'or buyumlari,123000.0,32,4.4,14,670,4.5,100,2026-02-05
WB-101029,Termo ichki kiyim,Sport va dam olish,214000.0,28,5.0,36,802,4.9,10,2025-10-05
WB-101030,Erkaklar futbolkasi Basic,Kiyim va poyabzal,477000.0,43,4.7,214,1683,4.1,10,2026-04-02
WB-101031,Paypoqlar to'plami (5 juft),Kiyim va poyabzal,745000.0,25,4.1,440,3574,4.5,0,2025-11-08
WB-101032,Sakrash arqoni Metall simli,Sport va dam olish,322000.0,39,4.4,57,1122,4.6,250,2025-11-29
WB-101033,Charm kamar,Kiyim va poyabzal,122000.0,35,4.9,97,1074,4.6,250,2025-09-24
WB-101034,Lab bo'yog'i Matte,Go'zallik va parvarish,333000.0,33,4.6,278,2460,4.6,0,2026-03-08
WB-101035,Erkaklar futbolkasi Basic,Kiyim va poyabzal,562000.0,54,4.7,290,3114,4.4,100,2026-03-08
WB-101036,Idish yuvish geli 1L,Uy-ro'zg'or buyumlari,210000.0,56,4.4,78,1446,4.7,10,2025-11-03
WB-101037,Termo ichki kiyim,Sport va dam olish,649000.0,45,4.3,2,789,4.8,250,2026-05-26
WB-101038,Klassik kostyum-shim,Kiyim va poyabzal,245000.0,9,4.9,74,784,4.5,25,2026-02-04
WB-101039,Yuz zardobi Hyaluron,Go'zallik va parvarish,117000.0,38,4.7,248,2266,4.2,100,2026-03-19
WB-101040,Simsiz sichqoncha,Elektronika,267000.0,27,4.3,214,2036,4.5,10,2026-02-10
WB-101041,Avtomobil ushlagichi,Elektronika,823000.0,38,4.5,27,876,5.0,250,2026-06-06
WB-101042,Yuz zardobi Hyaluron,Go'zallik va parvarish,89000.0,30,4.7,160,1679,4.6,500,2026-07-01
WB-101043,Ayollar ko'ylagi Vintage,Kiyim va poyabzal,760000.0,36,4.5,237,1558,4.4,25,2025-12-03
WB-101044,Smart soat Pro,Elektronika,704000.0,51,4.2,211,2014,4.4,0,2026-06-05
WB-101045,Ayollar ko'ylagi Vintage,Kiyim va poyabzal,534000.0,28,4.4,96,1131,4.6,10,2025-10-19
WB-101046,Simsiz quloqchin TWS,Elektronika,313000.0,24,4.7,22,590,4.2,50,2026-06-17
WB-101047,Charm kamar,Kiyim va poyabzal,902000.0,6,4.2,528,4254,4.7,25,2026-08-03
WB-101048,Sport sumkasi Suv o'tkazmaydigan,Sport va dam olish,627000.0,24,5.0,356,1888,4.3,0,2026-07-06
WB-101049,Qishki kurtka Oversize,Kiyim va poyabzal,231000.0,31,4.9,297,2317,4.6,10,2026-08-15
WB-101050,Simsiz quloqchin TWS,Elektronika,549000.0,56,4.5,129,1586,4.7,100,2025-08-27
WB-101051,Simsiz sichqoncha,Elektronika,734000.0,56,4.6,143,1635,4.1,500,2026-03-27
WB-101052,Velosiped chirog'i LED,Sport va dam olish,377000.0,23,4.5,293,2768,4.8,25,2026-05-09
WB-101053,Ayollar ko'ylagi Vintage,Kiyim va poyabzal,276000.0,37,4.6,101,1145,4.7,250,2025-08-28
WB-101054,Yoga mat 6mm,Sport va dam olish,135000.0,13,4.0,74,917,4.5,0,2025-09-19
WB-101055,Oshxona pichoqlar to'plami,Uy-ro'zg'or buyumlari,164000.0,33,4.3,68,1073,5.0,50,2026-02-02
WB-101056,Bolalar futbolkasi Paxta,Bolalar tovarlari,381000.0,39,4.8,135,1719,4.7,0,2025-10-01
WB-101057,Sviter Casual,Kiyim va poyabzal,572000.0,37,4.7,172,1449,4.3,10,2025-11-13
WB-101058,Mexanik klaviatura RGB,Elektronika,951000.0,31,4.9,208,2005,4.5,250,2025-12-28
WB-101059,Charm kamar,Kiyim va poyabzal,366000.0,32,4.0,204,1384,4.2,0,2026-08-02
WB-101060,Sakrash arqoni Metall simli,Sport va dam olish,466000.0,5,4.0,101,946,4.8,500,2026-04-24
WB-101061,Quyoshdan himoya kremi SPF50,Go'zallik va parvarish,450000.0,42,4.9,5,753,4.7,500,2026-03-16
WB-101062,Lab bo'yog'i Matte,Go'zallik va parvarish,339000.0,7,5.0,247,2044,4.9,10,2026-03-14
WB-101063,Chizmachilik to'plami 100+ dona,Bolalar tovarlari,129000.0,44,4.4,1,757,4.8,50,2026-03-10
WB-101064,Rivojlantiruvchi taxta Busyboard,Bolalar tovarlari,171000.0,11,4.5,68,918,5.0,0,2026-02-18
WB-101065,Simsiz sichqoncha,Elektronika,1125000.0,46,4.8,81,1106,4.6,250,2025-11-11
WB-101066,Tish tozalovchi kukun,Go'zallik va parvarish,,43,4.7,154,1864,4.4,50,2025-09-23
WB-101067,Klassik kostyum-shim,Kiyim va poyabzal,673000.0,62,4.1,120,1848,4.6,25,2026-06-13
WB-101068,Sakrash arqoni Metall simli,Sport va dam olish,517000.0,5,4.2,147,1201,4.4,100,2026-04-19
WB-101069,Plastilin to'plami,Bolalar tovarlari,461000.0,30,4.4,81,1128,4.2,25,2025-09-25
WB-101070,Organayzer javon,Uy-ro'zg'or buyumlari,543000.0,17,5.0,77,819,4.6,100,2026-04-26
WB-101071,Suv idishi Sport 750ml,Sport va dam olish,641000.0,20,4.2,208,1816,4.5,0,2026-01-20
WB-101072,Sviter Casual,Kiyim va poyabzal,311000.0,38,4.1,204,1393,4.7,0,2025-09-05
WB-101073,Charm kamar,Kiyim va poyabzal,750000.0,51,4.5,57,1065,4.7,25,2026-04-12
WB-101074,Lab bo'yog'i Matte,Go'zallik va parvarish,274000.0,33,4.6,6,648,4.6,500,2026-03-02
WB-101075,Qo'l kremi Mini,Go'zallik va parvarish,101000.0,15,4.1,123,1004,4.5,100,2025-09-19
WB-101076,Shampun Sulfatsiz,Go'zallik va parvarish,84000.0,42,4.6,150,1312,4.8,0,2026-03-21
WB-101077,Simsiz quloqchin TWS,Elektronika,982000.0,25,4.2,20,670,4.3,0,2026-01-02
WB-101078,Mikrofibra sochiqlar to'plami,Uy-ro'zg'or buyumlari,68000.0,40,4.3,5,725,4.7,500,2025-10-31
WB-101079,Bokal to'plami (6 dona),Uy-ro'zg'or buyumlari,44000.0,36,4.1,132,1516,4.6,100,2025-09-09
WB-101080,Ayollar ko'ylagi Vintage,Kiyim va poyabzal,578000.0,13,5.0,21,456,4.5,250,2026-07-06
WB-101081,Lab bo'yog'i Matte,Go'zallik va parvarish,380000.0,35,4.2,26,811,4.8,50,2025-09-05
WB-101082,Bokal to'plami (6 dona),Uy-ro'zg'or buyumlari,177000.0,46,4.7,13,899,5.0,250,2026-01-21
WB-101083,Rivojlantiruvchi taxta Busyboard,Bolalar tovarlari,245000.0,54,4.7,100,1633,4.9,25,2025-08-28
WB-101084,Simsiz sichqoncha,Elektronika,1708000.0,24,4.7,497,3623,4.9,100,2026-06-23
WB-101085,Bolalar kolyaskasi Yengil,Bolalar tovarlari,88000.0,35,4.5,3,677,4.6,0,2026-01-24
WB-101086,Yoga mat 6mm,Sport va dam olish,73000.0,37,4.7,66,1191,4.7,0,2026-01-21
WB-101087,USB Type-C kabel Tezkor,Elektronika,866000.0,74,4.1,295,2261,4.1,500,2025-09-06
WB-101088,Ayollar ko'ylagi Vintage,Kiyim va poyabzal,137000.0,37,5.0,104,1314,5.0,50,2025-09-23
WB-101089,Uy shippagi Soft,Kiyim va poyabzal,87000.0,6,4.5,63,793,4.6,0,2026-01-12
WB-101090,Qishki kurtka Oversize,Kiyim va poyabzal,82000.0,30,5.0,32,815,4.6,500,2026-06-06
WB-101091,Suv idishi Sport 750ml,Sport va dam olish,523000.0,29,3.9,40,684,4.9,100,2025-11-13
WB-101092,Choyshablar to'plami Satina,Uy-ro'zg'or buyumlari,135000.0,33,4.2,22,712,4.6,25,2025-11-05
WB-101093,Quyoshdan himoya kremi SPF50,Go'zallik va parvarish,198000.0,41,4.5,35,891,4.4,50,2026-05-25
WB-101094,Sviter Casual,Kiyim va poyabzal,877000.0,43,4.5,50,1062,4.1,100,2025-11-01
WB-101095,Plastilin to'plami,Bolalar tovarlari,90000.0,28,4.6,83,877,4.6,100,2026-07-28
WB-101096,Havo tozalagich diffuzor,Uy-ro'zg'or buyumlari,382000.0,21,5.0,56,897,4.5,10,2026-06-13
WB-101097,Oshxona pichoqlar to'plami,Uy-ro'zg'or buyumlari,193000.0,29,4.3,142,1539,4.1,100,2025-10-16
WB-101098,Organayzer javon,Uy-ro'zg'or buyumlari,204000.0,11,4.9,93,745,4.5,0,2026-01-20
WB-101099,Oshxona pichoqlar to'plami,Uy-ro'zg'or buyumlari,78000.0,27,4.6,347,2832,4.6,25,2026-03-08
WB-101100,Soch maskasi Keratin,Go'zallik va parvarish,295000.0,16,4.2,452,2999,4.8,50,2026-03-06
WB-101101,Ring Light lampa,Elektronika,1147000.0,11,5.0,80,694,4.7,0,2026-04-22
WB-101102,Ayollar ko'ylagi Vintage,Kiyim va poyabzal,465000.0,34,4.2,496,2425,5.0,500,2026-04-10
WB-101103,Krossovka Sport Run,Kiyim va poyabzal,588000.0,33,4.4,84,948,4.8,100,2026-03-08
WB-101104,Organayzer javon,Uy-ro'zg'or buyumlari,452000.0,29,4.1,279,1915,4.8,25,2026-03-28
WB-101105,Bolalar kolyaskasi Yengil,Bolalar tovarlari,313000.0,35,4.8,163,1720,4.8,25,2025-11-23
WB-101106,Soch maskasi Keratin,Go'zallik va parvarish,122000.0,13,4.7,291,1566,4.9,100,2026-06-06
WB-101107,Bokal to'plami (6 dona),Uy-ro'zg'or buyumlari,45000.0,12,4.4,120,831,4.6,100,2026-08-16
WB-101108,Bluetooth karnay Mini,Elektronika,896000.0,23,4.5,315,1811,4.6,10,2026-07-28
WB-101109,Quyoshdan himoya kremi SPF50,Go'zallik va parvarish,137000.0,59,4.8,24,1065,4.5,10,2026-01-22
WB-101110,Erkaklar futbolkasi Basic,Kiyim va poyabzal,514000.0,53,4.5,37,1071,5.0,25,2025-12-24
WB-101111,Charm kamar,Kiyim va poyabzal,486000.0,37,4.7,96,1293,4.5,250,2025-10-26
WB-101112,Oshxona tarozisi Elektron,Uy-ro'zg'or buyumlari,400000.0,54,4.5,34,1122,4.4,10,2026-01-03
WB-101113,Klassik kostyum-shim,Kiyim va poyabzal,755000.0,57,4.6,320,2569,4.3,250,2025-10-26
WB-101114,Qo'l kremi Mini,Go'zallik va parvarish,300000.0,35,4.3,109,1167,4.3,0,2026-03-23
WB-101115,Chizmachilik to'plami 100+ dona,Bolalar tovarlari,474000.0,46,4.6,39,1054,4.6,500,2026-05-23
WB-101116,Bolalar futbolkasi Paxta,Bolalar tovarlari,329000.0,12,5.0,139,1339,4.4,250,2026-06-11
WB-101117,Havo tozalagich diffuzor,Uy-ro'zg'or buyumlari,414000.0,30,4.4,119,1521,4.4,10,2026-01-29
WB-101118,Jinsi shim Slim Fit,Kiyim va poyabzal,370000.0,25,5.0,87,1013,4.9,250,2025-11-26
WB-101119,Qishki kurtka Oversize,Kiyim va poyabzal,229000.0,25,4.0,96,910,4.7,0,2026-01-18
WB-101120,Havo tozalagich diffuzor,Uy-ro'zg'or buyumlari,162000.0,24,4.2,33,690,4.9,100,2026-02-12
WB-101121,Mexanik klaviatura RGB,Elektronika,1479000.0,36,4.5,25,874,4.5,100,2026-06-16
WB-101122,USB Type-C kabel Tezkor,Elektronika,168000.0,5,4.9,108,907,4.7,10,2025-10-23
WB-101123,Ayollar ko'ylagi Vintage,Kiyim va poyabzal,307000.0,23,4.4,183,1899,4.4,250,2026-06-08
WB-101124,Velosiped chirog'i LED,Sport va dam olish,213000.0,35,4.7,111,1438,4.5,10,2025-11-07
WB-101125,Yostiq Ortopedik,Uy-ro'zg'or buyumlari,610000.0,39,4.3,114,1606,4.8,25,2026-04-27
WB-101126,Telefon g'ilofi Silikon,Elektronika,870000.0,39,4.7,29,822,4.8,100,2026-06-25
WB-101127,Ayollar ko'ylagi Vintage,Kiyim va poyabzal,424000.0,26,4.6,262,2465,4.5,500,2026-01-08
WB-101128,Avtomobil ushlagichi,Elektronika,669000.0,52,4.6,58,1179,4.7,0,2026-06-25
WB-101129,Uy shippagi Soft,Kiyim va poyabzal,244000.0,28,4.8,34,744,4.9,50,2025-09-03
WB-101130,Shampun Sulfatsiz,Go'zallik va parvarish,217000.0,39,4.2,50,914,4.6,50,2025-10-06
WB-101131,USB Type-C kabel Tezkor,Elektronika,903000.0,49,5.0,124,1620,4.2,50,2026-02-24
WB-101132,Yostiq Ortopedik,Uy-ro'zg'or buyumlari,97000.0,33,4.4,9,675,4.7,500,2026-04-02
WB-101133,Qishki kurtka Oversize,Kiyim va poyabzal,208000.0,62,4.8,116,1699,4.1,500,2025-11-20
WB-101134,Powerbank 20000mAh,Elektronika,486000.0,38,4.3,149,1274,4.9,10,2026-05-22
WB-101135,Yostiq Ortopedik,Uy-ro'zg'or buyumlari,140000.0,45,4.4,1,775,4.3,0,2026-05-05
WB-101136,Erkaklar futbolkasi Basic,Kiyim va poyabzal,477000.0,41,4.3,112,1295,4.3,50,2025-11-19
WB-101137,Paypoqlar to'plami (5 juft),Kiyim va poyabzal,732000.0,48,4.6,0,819,4.2,50,2026-05-30
WB-101138,Quyoshdan himoya kremi SPF50,Go'zallik va parvarish,175000.0,16,4.2,166,1532,4.6,100,2026-05-04
WB-101139,Klassik kostyum-shim,Kiyim va poyabzal,809000.0,59,5.0,57,1257,4.6,500,2025-08-30
WB-101140,Oshxona tarozisi Elektron,Uy-ro'zg'or buyumlari,653000.0,41,3.9,125,1305,4.6,10,2026-04-03
WB-101141,Havo tozalagich diffuzor,Uy-ro'zg'or buyumlari,665000.0,19,4.6,6,544,4.3,25,2026-03-01
WB-101142,Mexanik klaviatura RGB,Elektronika,214000.0,27,5.0,96,966,4.5,0,2026-02-18
WB-101143,Yuz kremi Namlantiruvchi,Go'zallik va parvarish,447000.0,49,4.9,37,972,4.9,0,2026-04-08
WB-101144,Tish tozalovchi kukun,Go'zallik va parvarish,164000.0,16,5.0,105,1228,4.3,100,2025-09-09
WB-101145,Choyshablar to'plami Satina,Uy-ro'zg'or buyumlari,78000.0,69,4.3,56,1382,4.7,25,2025-11-03
WB-101146,Uy shippagi Soft,Kiyim va poyabzal,305000.0,35,4.6,1,646,4.7,500,2025-11-07
WB-101147,Sport sumkasi Suv o'tkazmaydigan,Sport va dam olish,40000.0,62,4.8,37,1216,4.7,10,2026-08-01
WB-101148,Tana skrabı Kofe,Go'zallik va parvarish,287000.0,64,4.4,373,2693,4.4,500,2026-02-07
WB-101149,Paypoqlar to'plami (5 juft),Kiyim va poyabzal,523000.0,31,5.0,272,1873,4.6,25,2026-05-09
WB-101150,Fitnes rezinkalar to'plami,Sport va dam olish,621000.0,25,5.0,13,609,5.0,10,2026-04-16
WB-101151,Choyshablar to'plami Satina,Uy-ro'zg'or buyumlari,291000.0,34,4.1,48,819,4.8,250,2025-09-24
WB-101152,Uy shippagi Soft,Kiyim va poyabzal,785000.0,44,4.8,3,803,4.7,50,2026-03-12
WB-101153,Rivojlantiruvchi taxta Busyboard,Bolalar tovarlari,180000.0,39,4.2,109,1364,4.5,0,2025-08-26
WB-101154,Chizmachilik to'plami 100+ dona,Bolalar tovarlari,595000.0,44,4.5,17,872,4.9,500,2026-08-15
WB-101155,Qishki kurtka Oversize,Kiyim va poyabzal,354000.0,54,4.6,532,4220,4.5,10,2026-03-10
WB-101156,USB Type-C kabel Tezkor,Elektronika,1139000.0,7,4.4,40,449,4.5,250,2026-08-15
WB-101157,Qishki kurtka Oversize,Kiyim va poyabzal,89000.0,48,4.1,142,1789,4.8,25,2026-07-22
WB-101158,Bolalar kolyaskasi Yengil,Bolalar tovarlari,486000.0,47,4.1,28,932,4.5,0,2026-06-18
WB-101159,Gantellar to'plami 2x5kg,Sport va dam olish,131000.0,58,4.8,139,1782,4.3,0,2026-07-17
WB-101160,Organayzer javon,Uy-ro'zg'or buyumlari,705000.0,39,4.9,4,733,4.7,0,2025-12-29
WB-101161,Qo'l kremi Mini,Go'zallik va parvarish,358000.0,45,4.2,202,2134,4.2,500,2026-06-08
WB-101162,Chizmachilik to'plami 100+ dona,Bolalar tovarlari,575000.0,20,4.7,534,2714,4.5,100,2026-05-02
WB-101163,Bokal to'plami (6 dona),Uy-ro'zg'or buyumlari,58000.0,49,4.5,50,1126,4.7,500,2026-05-05
WB-101164,Choyshablar to'plami Satina,Uy-ro'zg'or buyumlari,227000.0,20,4.8,107,1313,5.0,250,2025-09-11
WB-101165,Quyoshdan himoya kremi SPF50,Go'zallik va parvarish,449000.0,23,4.6,2,529,4.6,500,2026-03-23
WB-101166,Yuz zardobi Hyaluron,Go'zallik va parvarish,417000.0,40,4.3,36,994,4.2,250,2026-06-14
WB-101167,Yuz kremi Namlantiruvchi,Go'zallik va parvarish,119000.0,39,4.3,0,722,4.8,100,2026-05-28
WB-101168,Rivojlantiruvchi taxta Busyboard,Bolalar tovarlari,472000.0,25,4.1,104,1095,4.5,500,2025-12-20
WB-101169,Yostiq Ortopedik,Uy-ro'zg'or buyumlari,422000.0,42,5.0,9,815,4.6,10,2026-01-01
WB-101170,Powerbank 20000mAh,Elektronika,1638000.0,37,4.7,12,765,4.9,100,2026-07-15
WB-101171,Konstruktor Lego mos keluvchi,Bolalar tovarlari,574000.0,58,4.7,170,1750,5.0,25,2025-10-23
WB-101172,Quyoshdan himoya kremi SPF50,Go'zallik va parvarish,77000.0,29,4.3,10,628,4.8,10,2026-05-28
WB-101173,Taktik ryukzak 40L,Sport va dam olish,531000.0,36,4.4,7,706,5.0,100,2025-11-29
WB-101174,Yuz kremi Namlantiruvchi,Go'zallik va parvarish,170000.0,15,4.9,13,506,4.4,10,2026-07-05
WB-101175,Oshxona pichoqlar to'plami,Uy-ro'zg'or buyumlari,733000.0,34,3.8,325,2868,4.5,25,2026-07-16
WB-101176,Jinsi shim Slim Fit,Kiyim va poyabzal,63000.0,7,5.0,326,2393,4.8,25,2026-04-16
WB-101177,Quyoshdan himoya kremi SPF50,Go'zallik va parvarish,351000.0,20,4.3,96,1037,4.5,500,2025-09-07
WB-101178,Sviter Casual,Kiyim va poyabzal,792000.0,26,5.0,6,601,4.6,25,2026-03-04
WB-101179,Yumshoq ayiqcha Plush,Bolalar tovarlari,586000.0,23,4.8,161,1392,4.6,10,2026-08-21
WB-101180,Tish tozalovchi kukun,Go'zallik va parvarish,387000.0,30,4.6,36,783,4.5,10,2026-06-16
WB-101181,Avtomobil ushlagichi,Elektronika,1378000.0,40,4.4,149,1871,4.4,100,2026-07-24
WB-101182,Mikrofibra sochiqlar to'plami,Uy-ro'zg'or buyumlari,255000.0,39,4.4,48,1027,4.7,100,2025-08-24
WB-101183,Tana skrabı Kofe,Go'zallik va parvarish,198000.0,41,4.6,336,3255,4.8,10,2026-07-20
WB-101184,Erkaklar futbolkasi Basic,Kiyim va poyabzal,479000.0,33,4.3,160,1763,4.4,50,2025-08-24
WB-101185,Yuz zardobi Hyaluron,Go'zallik va parvarish,234000.0,36,4.9,113,1278,4.4,10,2026-03-17
WB-101186,Parfyum Elixir 50ml,Go'zallik va parvarish,131000.0,39,4.4,65,1055,4.6,50,2026-06-20
WB-101187,Krossovka Sport Run,Kiyim va poyabzal,785000.0,5,4.1,34,503,4.8,0,2025-09-27
WB-101188,Ayollar ko'ylagi Vintage,Kiyim va poyabzal,571000.0,21,4.0,212,1227,4.7,10,2025-11-05
WB-101189,Bolalar butilkasi Anti-kolik,Bolalar tovarlari,587000.0,21,4.8,38,747,4.5,50,2026-02-18
WB-101190,Sport sumkasi Suv o'tkazmaydigan,Sport va dam olish,339000.0,50,4.4,34,1030,5.0,500,2025-09-21
WB-101191,Ayollar ko'ylagi Vintage,Kiyim va poyabzal,844000.0,42,4.7,66,982,4.3,100,2026-04-11
WB-101192,USB Type-C kabel Tezkor,Elektronika,1524000.0,46,4.4,78,1228,4.9,250,2026-04-27
WB-101193,Lab bo'yog'i Matte,Go'zallik va parvarish,72000.0,31,4.1,140,1227,4.2,250,2026-03-16
WB-101194,Bolalar kolyaskasi Yengil,Bolalar tovarlari,544000.0,34,4.8,379,3581,4.3,100,2025-11-23
WB-101195,Erkaklar futbolkasi Basic,Kiyim va poyabzal,351000.0,27,4.1,100,891,4.7,25,2026-03-27
WB-101196,Qo'l kremi Mini,Go'zallik va parvarish,310000.0,53,4.4,52,1103,4.2,25,2025-09-14
WB-101197,Choyshablar to'plami Satina,Uy-ro'zg'or buyumlari,270000.0,40,5.0,1,723,4.5,50,2025-09-13
WB-101198,Yoga mat 6mm,Sport va dam olish,,53,4.5,152,1553,4.8,0,2025-12-31
WB-101199,Qishki kurtka Oversize,Kiyim va poyabzal,632000.0,59,4.0,11,995,4.5,25,2026-06-24
WB-101200,Mikrofibra sochiqlar to'plami,Uy-ro'zg'or buyumlari,373000.0,33,4.7,169,1800,4.5,10,2026-03-20
WB-101032,Sakrash arqoni Metall simli,Sport va dam olish,322000.0,39,4.4,57,1122,4.6,250,2025-11-29
WB-101194,Bolalar kolyaskasi Yengil,Bolalar tovarlari,544000.0,34,4.8,379,3581,4.3,100,2025-11-23
WB-100470,Gantellar to'plami 2x5kg,Sport va dam olish,136000.0,52,4.6,8,869,4.7,50,2025-12-01
WB-101179,Yumshoq ayiqcha Plush,Bolalar tovarlari,586000.0,23,4.8,161,1392,4.6,10,2026-08-21
WB-100569,Shampun Sulfatsiz,Go'zallik va parvarish,169000.0,43,4.7,99,1352,4.6,500,2025-09-14
WB-100001,Yuz kremi Namlantiruvchi,Go'zallik va parvarish,340000.0,35,4.7,12,714,4.5,0,2025-09-06
WB-100875,Yoga mat 6mm,Sport va dam olish,346000.0,36,4.4,39,778,4.3,0,2026-01-08
WB-100715,Erkaklar futbolkasi Basic,Kiyim va poyabzal,60000.0,27,4.2,40,715,4.4,25,2026-04-30
WB-100731,Qo'l kremi Mini,Go'zallik va parvarish,85000.0,37,4.5,66,940,4.5,250,2026-03-06
WB-100927,Bluetooth karnay Mini,Elektronika,1495000.0,52,5.0,82,1366,4.8,50,2025-09-07
